split,original_name,source,class,new_name
train_clean_images,046c7aff-205a-46c5-8412-6b6fac84fb00.jpg,Seachios,clean,clean_6
train_clean_images,0a9ce194-f3f2-4efe-9621-c0df37e23e77.jpg,Seachios,clean,clean_9
train_clean_images,0b80c8d6-b7ed-4d79-a706-998916e0a382.jpg,Seachios,clean,clean_11
train_clean_images,1000052030.jpg,Seachios,clean,clean_13
train_clean_images,1000052031.jpg,Seachios,clean,clean_14
train_clean_images,12c943_0d9097faf57245fb9ab06fdc683593e0~mv2.jpg,Three Ds Marine,dirty,dirty_287
train_clean_images,12c943_35c4d1432c5c42828eaf570244a4c72d~mv2.jpg,Three Ds Marine,dirty,dirty_301
train_clean_images,12c943_3bc17c3f912841f4a7603e4f39510ebb~mv2.jpg,Three Ds Marine,clean,clean_302
train_clean_images,12c943_468c16c8337143a491c052f986f69fe4~mv2.jpg,Three Ds Marine,dirty,dirty_306
train_clean_images,12c943_496081d9d3e846ab853eb797d421a98c~mv2.jpg,Three Ds Marine,clean,clean_308
train_clean_images,12c943_52556a070d844543b57583b7291c93a5~mv2.jpg,Three Ds Marine,clean,clean_310
train_clean_images,12c943_6d29c9d2e395436fae88ef96e994cc62~mv2.jpg,Three Ds Marine,dirty,dirty_316
train_clean_images,12c943_6e5e6bce798c4a79bdfe21b92be8e822~mv2.jpg,Three Ds Marine,dirty,dirty_317
train_clean_images,12c943_6ffd5c1009834472affd0ef243154370~mv2.jpg,Three Ds Marine,dirty,dirty_318
train_clean_images,12c943_8711e45d838a4e96a85c4877929922b9~mv2.jpg,Three Ds Marine,dirty,dirty_323
train_clean_images,12c943_9bfabd2a406443b5ad1b034edf1fd6ff~mv2.jpg,Three Ds Marine,dirty,dirty_328
train_clean_images,12c943_b20de859cd0d47e397446cbbcec30f16~mv2.jpg,Three Ds Marine,dirty,dirty_335
train_clean_images,12c943_cd41237a10f2407b89f1966ac9b600f6~mv2.jpg,Three Ds Marine,clean,clean_348
train_clean_images,12c943_e3a76761a7d34b8484121855dd8b67c4~mv2.jpg,Three Ds Marine,clean,clean_359
train_clean_images,1519ac76-9cfd-47f0-bf77-5dc3a1147adc.jpg,Seachios,clean,clean_19
train_clean_images,15808ac5-2909-45dd-b29b-dedc33871aa2.jpg,Seachios,clean,clean_20
train_clean_images,1f761525-88f0-4260-93f5-e54363e0a015.jpg,Seachios,clean,clean_24
train_clean_images,2098a1bb-3ee3-43ff-b63b-9040b8fe76b6.jpg,Seachios,clean,clean_27
train_clean_images,243d2a88-3e07-460e-a406-743d24a651ea.jpg,Seachios,clean,clean_28
train_clean_images,26144fb8-bb65-45fb-9607-38f3b4cc2df1.jpg,Seachios,clean,clean_29
train_clean_images,2680b77c-75ff-4c05-906b-cf43e1bbf3d6.jpg,Seachios,clean,clean_30
train_clean_images,28f8b2a5-22c3-464d-b008-efb82c40ec67.jpg,Seachios,clean,clean_35
train_clean_images,298de5fc-414c-4c7e-a023-d3651e001672.jpg,Seachios,clean,clean_36
train_clean_images,2ad18055-aaf5-4cf9-8feb-8dc9b64d203c.jpg,Seachios,clean,clean_39
train_clean_images,2b181739-ce39-4906-995c-83742c4c088b.jpg,Seachios,clean,clean_40
train_clean_images,2cc35a54-8d60-472a-a74f-984aec8f068b.jpg,Seachios,clean,clean_41
train_clean_images,30799286-fc80-4789-9601-d7d9e6cc20c8.jpg,Seachios,clean,clean_44
train_clean_images,322e30a4-57e7-4935-a5b7-b6ff33061350.jpg,Seachios,clean,clean_46
train_clean_images,3237fbcf-20fd-41ad-b1da-86a113666ba1.jpg,Seachios,clean,clean_47
train_clean_images,3325c33c-1417-4378-8068-31838ac99b3c.jpg,Seachios,clean,clean_49
train_clean_images,38138539-66d5-4e76-9a8c-56553e44c208.jpg,Seachios,clean,clean_55
train_clean_images,3d5b545c-4d8b-44e0-88bd-66adb511ceaf.jpg,Seachios,clean,clean_60
train_clean_images,409250f7-003d-4cfb-bfd9-eaac0f2ef7ed.jpg,Seachios,clean,clean_64
train_clean_images,41d7a1dc-aac8-4c75-9c62-bb0cfd9fe294.jpg,Seachios,clean,clean_66
train_clean_images,4475bc12-c307-4694-9861-4edd873d10f0.jpg,Seachios,clean,clean_68
train_clean_images,44f38fa7-9af5-477c-8fff-b2649bd2908e.jpg,Seachios,clean,clean_70
train_clean_images,44fa87df-7c48-47ab-bfdb-ba2eae721489.jpg,Seachios,clean,clean_71
train_clean_images,464579506_8596808880366298_2626245016873577685_n.jpg,Three Ds Marine,dirty,dirty_376
train_clean_images,46482812_1983220955058490_4243280426904322048_n.jpg,Three Ds Marine,clean,clean_392
train_clean_images,46485310_1983220985058487_724965027588603904_n.jpg,Three Ds Marine,clean,clean_395
train_clean_images,46488036_1983220928391826_2766025952998719488_n.jpg,Three Ds Marine,clean,clean_403
train_clean_images,46503175_1983204045060181_9136750208716111872_n.jpg,Three Ds Marine,clean,clean_437
train_clean_images,465042804_8598614470185739_7468474546712356130_n.jpg,Three Ds Marine,clean,clean_442
train_clean_images,465150512_8605905302789989_8381134459548991786_n.jpg,Three Ds Marine,dirty,dirty_470
train_clean_images,47578620_2007305262650059_6118927232439156736_n.jpg,Three Ds Marine,clean,clean_528
train_clean_images,47681173_2008763662504219_1873423245131120640_n.jpg,Three Ds Marine,clean,clean_536
train_clean_images,47681623_2008560565857862_5141988722840961024_n.jpg,Three Ds Marine,clean,clean_538
train_clean_images,48172405_2008560542524531_4572915799617961984_n.jpg,Three Ds Marine,clean,clean_547
train_clean_images,48357876_2008600645853854_3434508381073702912_n.jpg,Three Ds Marine,dirty,dirty_556
train_clean_images,48359423_2008560485857870_2306246938002980864_n.jpg,Three Ds Marine,clean,clean_557
train_clean_images,48415922_2026951440685441_6766600973461749760_n.jpg,Three Ds Marine,dirty,dirty_563
train_clean_images,48418327_2026951410685444_6927397904709582848_n.jpg,Three Ds Marine,clean,clean_565
train_clean_images,48423984_2026951490685436_8128266208005849088_n.jpg,Three Ds Marine,dirty,dirty_566
train_clean_images,49099446_2026951450685440_1477582149845516288_n.jpg,Three Ds Marine,dirty,dirty_567
train_clean_images,4d29fb87-c71d-4c56-a877-c8cbad5b23b1.jpg,Seachios,clean,clean_76
train_clean_images,4e80e264-2c52-41f8-acf5-e57b127730e5.jpg,Seachios,clean,clean_78
train_clean_images,4ef21ee5-d2f8-4772-a78e-defd058bbee8.jpg,Seachios,clean,clean_80
train_clean_images,4f3b8dc3-f917-4c87-84f9-c788a9fd3b3c.jpg,Seachios,clean,clean_82
train_clean_images,4fe15594-8587-42aa-a193-20caf17959c1.jpg,Seachios,clean,clean_83
train_clean_images,52782b9f-ffc6-4792-9ffe-b80355fd1592.jpg,Seachios,clean,clean_87
train_clean_images,54b30c59-663c-448e-a761-90319e3d8e1a.jpg,Seachios,clean,clean_89
train_clean_images,580dcefa-b7b7-4d42-ac5c-2274704668d7.jpg,Seachios,clean,clean_91
train_clean_images,5e2c1d55-0e91-4ae9-9880-227f0cc9a5c2.jpg,Seachios,clean,clean_93
train_clean_images,615ac7c7-43c7-4ff5-9d65-918424125711.jpg,Seachios,clean,clean_94
train_clean_images,638f7904-ee98-45c3-9ab8-68e972314509.jpg,Seachios,clean,clean_95
train_clean_images,64994879_2307432139304035_5851994564021190656_n.jpg,Three Ds Marine,clean,clean_589
train_clean_images,65306521_2307431939304055_3336732312413929472_n.jpg,Three Ds Marine,clean,clean_596
train_clean_images,65378892_2307431889304060_110542223291973632_n.jpg,Three Ds Marine,clean,clean_598
train_clean_images,659ab62f-24e0-4959-bd64-9e679db05487.jpg,Seachios,clean,clean_96
train_clean_images,6673d9e6-1914-4b70-9d5c-40b1e069a367.jpg,Seachios,clean,clean_97
train_clean_images,66765115_2345934348787147_1495542255673409536_n.jpg,Three Ds Marine,clean,clean_612
train_clean_images,66788083_2363617537018828_946107241482682368_n.jpg,Three Ds Marine,clean,clean_613
train_clean_images,67652830_2389432894437292_9059975245938556928_n.jpg,Three Ds Marine,dirty,dirty_625
train_clean_images,67838661_2395345833845998_145335804896477184_n.jpg,Three Ds Marine,clean,clean_629
train_clean_images,68280271_2395346207179294_2576577535437438976_n.jpg,Three Ds Marine,clean,clean_633
train_clean_images,68703372_2395345993845982_3371200627555172352_n.jpg,Three Ds Marine,clean,clean_635
train_clean_images,68743002_2395346160512632_100865468700557312_n.jpg,Three Ds Marine,clean,clean_636
train_clean_images,68916544_2395346270512621_1461372780061655040_n.jpg,Three Ds Marine,clean,clean_638
train_clean_images,69135623_2395346077179307_2699105230041120768_n.jpg,Three Ds Marine,clean,clean_641
train_clean_images,69215644_2395346067179308_1034063610449494016_n.jpg,Three Ds Marine,clean,clean_643
train_clean_images,6a346fc1-c19f-45fe-a5a5-1e974ee40028.jpg,Seachios,clean,clean_101
train_clean_images,6b99b5bd-2fe4-4ca6-8f1a-3024c8eb50ab.jpg,Seachios,clean,clean_104
train_clean_images,6c993cee-bdb8-4dd3-8890-4307048b89b9.jpg,Seachios,clean,clean_106
train_clean_images,6f0f176f-b39b-4e44-ba3d-4f672b14ffe7.jpg,Seachios,clean,clean_108
train_clean_images,6f8b15ef-f7ec-483b-9d56-e6e8b0835d67.jpg,Seachios,clean,clean_111
train_clean_images,6fa4a13c-2151-451d-abb1-8c884a3be72c.jpg,Seachios,clean,clean_112
train_clean_images,6fbadca1-fa92-4341-abda-4dd026d49948.jpg,Seachios,clean,clean_114
train_clean_images,6fc42e5b-20e0-4bce-83b8-dffde04c3214.jpg,Seachios,clean,clean_115
train_clean_images,790bd984-94a5-4cc6-ab53-26fe8600a714.jpg,Seachios,clean,clean_120
train_clean_images,7aecd429-555a-4ecf-ab06-186eff128502.jpg,Seachios,clean,clean_122
train_clean_images,7cd818d5-9ec5-45f4-9437-fdf1d4066d82.jpg,Seachios,clean,clean_123
train_clean_images,7d75ba28-0710-4ec1-bae7-f948704f33f6.jpg,Seachios,clean,clean_124
train_clean_images,7e457a8a-9ea9-47f4-a9b3-6b9d1850e1c7.jpg,Seachios,clean,clean_126
train_clean_images,811e1805-214e-4aa8-9a9b-68a51001a757.jpg,Seachios,clean,clean_130
train_clean_images,81c4f7b4-cb59-47d7-9af9-e2f5b016c703.jpg,Seachios,clean,clean_131
train_clean_images,81e934a0-0b71-4d4d-b862-0e998b37fd51.jpg,Seachios,clean,clean_132
train_clean_images,83929764_2757372860976625_6110072568947933184_n.jpg,Three Ds Marine,dirty,dirty_654
train_clean_images,84118396_2757372807643297_941466323160924160_n.jpg,Three Ds Marine,dirty,dirty_657
train_clean_images,84506949_2757372884309956_5130137245918953472_n.jpg,Three Ds Marine,dirty,dirty_684
train_clean_images,84884781_2757371777643400_2033681823703236608_n.jpg,Three Ds Marine,clean,clean_688
train_clean_images,84d3b26c-a439-421c-aff1-4ba758fc816a.jpg,Seachios,clean,clean_134
train_clean_images,86af67fe-692c-453a-ba52-abfdb0d8632e.jpg,Seachios,clean,clean_137
train_clean_images,886890f1-be25-4907-a0f0-d72d7582af94.jpg,Seachios,clean,clean_140
train_clean_images,8b43d4e9-222a-4cea-bb4a-ecf24f836efb.jpg,Seachios,clean,clean_143
train_clean_images,8c7c659f-dad3-4a58-bd0b-b144b24879c0.jpg,Seachios,clean,clean_145
train_clean_images,91078111_2859671024080141_8369063558046023680_n.jpg,Three Ds Marine,dirty,dirty_698
train_clean_images,91084363_2859670894080154_2090087886899642368_n.jpg,Three Ds Marine,dirty,dirty_699
train_clean_images,91092318_2859670944080149_880072986890076160_n.jpg,Three Ds Marine,dirty,dirty_700
train_clean_images,91098821_2859671054080138_1694341560067424256_n.jpg,Three Ds Marine,dirty,dirty_701
train_clean_images,911a114e-0ee8-48ce-9e3a-01b0a752c258.jpg,Seachios,clean,clean_149
train_clean_images,92adfcd4-acb9-4778-80d7-23939090acff.jpg,Seachios,clean,clean_151
train_clean_images,969d5d84-b6ac-47c1-a2a2-861701fc06e2.jpg,Seachios,clean,clean_155
train_clean_images,97504743_2995576500489592_6149597014079307776_n.jpg,Three Ds Marine,clean,clean_707
train_clean_images,97917143_2995581507155758_7490693203566264320_n.jpg,Three Ds Marine,dirty,dirty_716
train_clean_images,98313580_2995605893819986_71578206968217600_n.jpg,Three Ds Marine,dirty,dirty_730
train_clean_images,986975fc-440b-405e-abe7-8e5d93cee397.jpg,Seachios,clean,clean_158
train_clean_images,987d3c15-2d78-4c9e-be94-06a24bd4f70b.jpg,Seachios,clean,clean_159
train_clean_images,99123286_2995584567155452_2142999083667685376_n.jpg,Three Ds Marine,dirty,dirty_739
train_clean_images,99acb451-4a33-48d4-a60f-e7169e9f9c3d.jpg,Seachios,clean,clean_160
train_clean_images,9f526495-066b-4582-be1f-980420bbba3c.jpg,Seachios,clean,clean_162
train_clean_images,a2a45c96-1366-4a2f-8c0b-da33254cef37.jpg,Seachios,clean,clean_164
train_clean_images,a796683c-1a78-483b-911d-e5e6d5b0414e.jpg,Seachios,clean,clean_167
train_clean_images,aacdf59f-f5fe-4393-920e-98c4a375db91.jpg,Seachios,clean,clean_170
train_clean_images,ab176ec4-67c8-4c68-9e81-765d68adf6d7.jpg,Seachios,clean,clean_171
train_clean_images,ada5dc41-f8e1-4d0e-91c0-d3f685d2cc74.jpg,Seachios,clean,clean_174
train_clean_images,aug_0_1008.jpg,synthetic,,
train_clean_images,aug_0_1010.jpg,synthetic,,
train_clean_images,aug_0_1077.jpg,synthetic,,
train_clean_images,aug_0_1097.jpg,synthetic,,
train_clean_images,aug_0_1155.jpg,synthetic,,
train_clean_images,aug_0_1184.jpg,synthetic,,
train_clean_images,aug_0_1186.jpg,synthetic,,
train_clean_images,aug_0_1233.jpg,synthetic,,
train_clean_images,aug_0_1234.jpg,synthetic,,
train_clean_images,aug_0_1246.jpg,synthetic,,
train_clean_images,aug_0_1280.jpg,synthetic,,
train_clean_images,aug_0_1383.jpg,synthetic,,
train_clean_images,aug_0_1396.jpg,synthetic,,
train_clean_images,aug_0_1402.jpg,synthetic,,
train_clean_images,aug_0_1409.jpg,synthetic,,
train_clean_images,aug_0_1419.jpg,synthetic,,
train_clean_images,aug_0_1501.jpg,synthetic,,
train_clean_images,aug_0_1506.jpg,synthetic,,
train_clean_images,aug_0_1554.jpg,synthetic,,
train_clean_images,aug_0_1578.jpg,synthetic,,
train_clean_images,aug_0_1601.jpg,synthetic,,
train_clean_images,aug_0_1617.jpg,synthetic,,
train_clean_images,aug_0_1683.jpg,synthetic,,
train_clean_images,aug_0_1732.jpg,synthetic,,
train_clean_images,aug_0_1774.jpg,synthetic,,
train_clean_images,aug_0_1778.jpg,synthetic,,
train_clean_images,aug_0_1817.jpg,synthetic,,
train_clean_images,aug_0_1828.jpg,synthetic,,
train_clean_images,aug_0_1830.jpg,synthetic,,
train_clean_images,aug_0_1832.jpg,synthetic,,
train_clean_images,aug_0_1865.jpg,synthetic,,
train_clean_images,aug_0_1914.jpg,synthetic,,
train_clean_images,aug_0_1936.jpg,synthetic,,
train_clean_images,aug_0_1951.jpg,synthetic,,
train_clean_images,aug_0_1981.jpg,synthetic,,
train_clean_images,aug_0_2002.jpg,synthetic,,
train_clean_images,aug_0_2026.jpg,synthetic,,
train_clean_images,aug_0_203.jpg,synthetic,,
train_clean_images,aug_0_2035.jpg,synthetic,,
train_clean_images,aug_0_2040.jpg,synthetic,,
train_clean_images,aug_0_2055.jpg,synthetic,,
train_clean_images,aug_0_2104.jpg,synthetic,,
train_clean_images,aug_0_2141.jpg,synthetic,,
train_clean_images,aug_0_2220.jpg,synthetic,,
train_clean_images,aug_0_2281.jpg,synthetic,,
train_clean_images,aug_0_2316.jpg,synthetic,,
train_clean_images,aug_0_2319.jpg,synthetic,,
train_clean_images,aug_0_2342.jpg,synthetic,,
train_clean_images,aug_0_2373.jpg,synthetic,,
train_clean_images,aug_0_2374.jpg,synthetic,,
train_clean_images,aug_0_2394.jpg,synthetic,,
train_clean_images,aug_0_2405.jpg,synthetic,,
train_clean_images,aug_0_2425.jpg,synthetic,,
train_clean_images,aug_0_2439.jpg,synthetic,,
train_clean_images,aug_0_2474.jpg,synthetic,,
train_clean_images,aug_0_2553.jpg,synthetic,,
train_clean_images,aug_0_2587.jpg,synthetic,,
train_clean_images,aug_0_2621.jpg,synthetic,,
train_clean_images,aug_0_2632.jpg,synthetic,,
train_clean_images,aug_0_2654.jpg,synthetic,,
train_clean_images,aug_0_2670.jpg,synthetic,,
train_clean_images,aug_0_2682.jpg,synthetic,,
train_clean_images,aug_0_2683.jpg,synthetic,,
train_clean_images,aug_0_2727.jpg,synthetic,,
train_clean_images,aug_0_2744.jpg,synthetic,,
train_clean_images,aug_0_2752.jpg,synthetic,,
train_clean_images,aug_0_2762.jpg,synthetic,,
train_clean_images,aug_0_280.jpg,synthetic,,
train_clean_images,aug_0_2824.jpg,synthetic,,
train_clean_images,aug_0_2850.jpg,synthetic,,
train_clean_images,aug_0_286.jpg,synthetic,,
train_clean_images,aug_0_2861.jpg,synthetic,,
train_clean_images,aug_0_2937.jpg,synthetic,,
train_clean_images,aug_0_2945.jpg,synthetic,,
train_clean_images,aug_0_3030.jpg,synthetic,,
train_clean_images,aug_0_3040.jpg,synthetic,,
train_clean_images,aug_0_3049.jpg,synthetic,,
train_clean_images,aug_0_3052.jpg,synthetic,,
train_clean_images,aug_0_3077.jpg,synthetic,,
train_clean_images,aug_0_311.jpg,synthetic,,
train_clean_images,aug_0_3181.jpg,synthetic,,
train_clean_images,aug_0_3188.jpg,synthetic,,
train_clean_images,aug_0_3193.jpg,synthetic,,
train_clean_images,aug_0_320.jpg,synthetic,,
train_clean_images,aug_0_3260.jpg,synthetic,,
train_clean_images,aug_0_329.jpg,synthetic,,
train_clean_images,aug_0_3355.jpg,synthetic,,
train_clean_images,aug_0_3369.jpg,synthetic,,
train_clean_images,aug_0_3390.jpg,synthetic,,
train_clean_images,aug_0_3436.jpg,synthetic,,
train_clean_images,aug_0_3444.jpg,synthetic,,
train_clean_images,aug_0_3471.jpg,synthetic,,
train_clean_images,aug_0_3499.jpg,synthetic,,
train_clean_images,aug_0_354.jpg,synthetic,,
train_clean_images,aug_0_3659.jpg,synthetic,,
train_clean_images,aug_0_37.jpg,synthetic,,
train_clean_images,aug_0_3710.jpg,synthetic,,
train_clean_images,aug_0_3752.jpg,synthetic,,
train_clean_images,aug_0_3753.jpg,synthetic,,
train_clean_images,aug_0_3796.jpg,synthetic,,
train_clean_images,aug_0_3799.jpg,synthetic,,
train_clean_images,aug_0_3828.jpg,synthetic,,
train_clean_images,aug_0_3847.jpg,synthetic,,
train_clean_images,aug_0_3891.jpg,synthetic,,
train_clean_images,aug_0_3903.jpg,synthetic,,
train_clean_images,aug_0_3921.jpg,synthetic,,
train_clean_images,aug_0_3924.jpg,synthetic,,
train_clean_images,aug_0_3967.jpg,synthetic,,
train_clean_images,aug_0_4029.jpg,synthetic,,
train_clean_images,aug_0_405.jpg,synthetic,,
train_clean_images,aug_0_4071.jpg,synthetic,,
train_clean_images,aug_0_4095.jpg,synthetic,,
train_clean_images,aug_0_4358.jpg,synthetic,,
train_clean_images,aug_0_4379.jpg,synthetic,,
train_clean_images,aug_0_4396.jpg,synthetic,,
train_clean_images,aug_0_441.jpg,synthetic,,
train_clean_images,aug_0_4423.jpg,synthetic,,
train_clean_images,aug_0_450.jpg,synthetic,,
train_clean_images,aug_0_4547.jpg,synthetic,,
train_clean_images,aug_0_4561.jpg,synthetic,,
train_clean_images,aug_0_4565.jpg,synthetic,,
train_clean_images,aug_0_4603.jpg,synthetic,,
train_clean_images,aug_0_4651.jpg,synthetic,,
train_clean_images,aug_0_4653.jpg,synthetic,,
train_clean_images,aug_0_4687.jpg,synthetic,,
train_clean_images,aug_0_4691.jpg,synthetic,,
train_clean_images,aug_0_4693.jpg,synthetic,,
train_clean_images,aug_0_4734.jpg,synthetic,,
train_clean_images,aug_0_4755.jpg,synthetic,,
train_clean_images,aug_0_4764.jpg,synthetic,,
train_clean_images,aug_0_4787.jpg,synthetic,,
train_clean_images,aug_0_4793.jpg,synthetic,,
train_clean_images,aug_0_4799.jpg,synthetic,,
train_clean_images,aug_0_480.jpg,synthetic,,
train_clean_images,aug_0_4813.jpg,synthetic,,
train_clean_images,aug_0_4841.jpg,synthetic,,
train_clean_images,aug_0_4869.jpg,synthetic,,
train_clean_images,aug_0_5037.jpg,synthetic,,
train_clean_images,aug_0_5099.jpg,synthetic,,
train_clean_images,aug_0_5123.jpg,synthetic,,
train_clean_images,aug_0_5203.jpg,synthetic,,
train_clean_images,aug_0_527.jpg,synthetic,,
train_clean_images,aug_0_5313.jpg,synthetic,,
train_clean_images,aug_0_5409.jpg,synthetic,,
train_clean_images,aug_0_5411.jpg,synthetic,,
train_clean_images,aug_0_5415.jpg,synthetic,,
train_clean_images,aug_0_5418.jpg,synthetic,,
train_clean_images,aug_0_544.jpg,synthetic,,
train_clean_images,aug_0_5454.jpg,synthetic,,
train_clean_images,aug_0_5489.jpg,synthetic,,
train_clean_images,aug_0_5526.jpg,synthetic,,
train_clean_images,aug_0_5527.jpg,synthetic,,
train_clean_images,aug_0_5630.jpg,synthetic,,
train_clean_images,aug_0_5745.jpg,synthetic,,
train_clean_images,aug_0_584.jpg,synthetic,,
train_clean_images,aug_0_5884.jpg,synthetic,,
train_clean_images,aug_0_5900.jpg,synthetic,,
train_clean_images,aug_0_5908.jpg,synthetic,,
train_clean_images,aug_0_5911.jpg,synthetic,,
train_clean_images,aug_0_5945.jpg,synthetic,,
train_clean_images,aug_0_5947.jpg,synthetic,,
train_clean_images,aug_0_5956.jpg,synthetic,,
train_clean_images,aug_0_5957.jpg,synthetic,,
train_clean_images,aug_0_596.jpg,synthetic,,
train_clean_images,aug_0_6024.jpg,synthetic,,
train_clean_images,aug_0_6027.jpg,synthetic,,
train_clean_images,aug_0_6031.jpg,synthetic,,
train_clean_images,aug_0_6042.jpg,synthetic,,
train_clean_images,aug_0_6047.jpg,synthetic,,
train_clean_images,aug_0_606.jpg,synthetic,,
train_clean_images,aug_0_6130.jpg,synthetic,,
train_clean_images,aug_0_6173.jpg,synthetic,,
train_clean_images,aug_0_620.jpg,synthetic,,
train_clean_images,aug_0_6200.jpg,synthetic,,
train_clean_images,aug_0_6220.jpg,synthetic,,
train_clean_images,aug_0_6234.jpg,synthetic,,
train_clean_images,aug_0_625.jpg,synthetic,,
train_clean_images,aug_0_6278.jpg,synthetic,,
train_clean_images,aug_0_630.jpg,synthetic,,
train_clean_images,aug_0_6305.jpg,synthetic,,
train_clean_images,aug_0_6342.jpg,synthetic,,
train_clean_images,aug_0_6354.jpg,synthetic,,
train_clean_images,aug_0_6376.jpg,synthetic,,
train_clean_images,aug_0_6377.jpg,synthetic,,
train_clean_images,aug_0_6469.jpg,synthetic,,
train_clean_images,aug_0_6504.jpg,synthetic,,
train_clean_images,aug_0_6507.jpg,synthetic,,
train_clean_images,aug_0_6540.jpg,synthetic,,
train_clean_images,aug_0_6547.jpg,synthetic,,
train_clean_images,aug_0_655.jpg,synthetic,,
train_clean_images,aug_0_6606.jpg,synthetic,,
train_clean_images,aug_0_6615.jpg,synthetic,,
train_clean_images,aug_0_6618.jpg,synthetic,,
train_clean_images,aug_0_6671.jpg,synthetic,,
train_clean_images,aug_0_6680.jpg,synthetic,,
train_clean_images,aug_0_6682.jpg,synthetic,,
train_clean_images,aug_0_6692.jpg,synthetic,,
train_clean_images,aug_0_6694.jpg,synthetic,,
train_clean_images,aug_0_6695.jpg,synthetic,,
train_clean_images,aug_0_6709.jpg,synthetic,,
train_clean_images,aug_0_6734.jpg,synthetic,,
train_clean_images,aug_0_6745.jpg,synthetic,,
train_clean_images,aug_0_6796.jpg,synthetic,,
train_clean_images,aug_0_6805.jpg,synthetic,,
train_clean_images,aug_0_6898.jpg,synthetic,,
train_clean_images,aug_0_69.jpg,synthetic,,
train_clean_images,aug_0_6903.jpg,synthetic,,
train_clean_images,aug_0_6907.jpg,synthetic,,
train_clean_images,aug_0_6964.jpg,synthetic,,
train_clean_images,aug_0_7070.jpg,synthetic,,
train_clean_images,aug_0_7071.jpg,synthetic,,
train_clean_images,aug_0_7073.jpg,synthetic,,
train_clean_images,aug_0_7121.jpg,synthetic,,
train_clean_images,aug_0_7160.jpg,synthetic,,
train_clean_images,aug_0_7175.jpg,synthetic,,
train_clean_images,aug_0_7244.jpg,synthetic,,
train_clean_images,aug_0_7278.jpg,synthetic,,
train_clean_images,aug_0_7296.jpg,synthetic,,
train_clean_images,aug_0_7322.jpg,synthetic,,
train_clean_images,aug_0_7333.jpg,synthetic,,
train_clean_images,aug_0_7346.jpg,synthetic,,
train_clean_images,aug_0_7365.jpg,synthetic,,
train_clean_images,aug_0_7396.jpg,synthetic,,
train_clean_images,aug_0_7417.jpg,synthetic,,
train_clean_images,aug_0_7429.jpg,synthetic,,
train_clean_images,aug_0_7431.jpg,synthetic,,
train_clean_images,aug_0_7438.jpg,synthetic,,
train_clean_images,aug_0_7456.jpg,synthetic,,
train_clean_images,aug_0_746.jpg,synthetic,,
train_clean_images,aug_0_7467.jpg,synthetic,,
train_clean_images,aug_0_7523.jpg,synthetic,,
train_clean_images,aug_0_7524.jpg,synthetic,,
train_clean_images,aug_0_7529.jpg,synthetic,,
train_clean_images,aug_0_753.jpg,synthetic,,
train_clean_images,aug_0_7555.jpg,synthetic,,
train_clean_images,aug_0_7566.jpg,synthetic,,
train_clean_images,aug_0_7581.jpg,synthetic,,
train_clean_images,aug_0_7606.jpg,synthetic,,
train_clean_images,aug_0_7685.jpg,synthetic,,
train_clean_images,aug_0_7706.jpg,synthetic,,
train_clean_images,aug_0_7719.jpg,synthetic,,
train_clean_images,aug_0_7720.jpg,synthetic,,
train_clean_images,aug_0_7765.jpg,synthetic,,
train_clean_images,aug_0_7794.jpg,synthetic,,
train_clean_images,aug_0_78.jpg,synthetic,,
train_clean_images,aug_0_7819.jpg,synthetic,,
train_clean_images,aug_0_7832.jpg,synthetic,,
train_clean_images,aug_0_7857.jpg,synthetic,,
train_clean_images,aug_0_7865.jpg,synthetic,,
train_clean_images,aug_0_7867.jpg,synthetic,,
train_clean_images,aug_0_7876.jpg,synthetic,,
train_clean_images,aug_0_7913.jpg,synthetic,,
train_clean_images,aug_0_7920.jpg,synthetic,,
train_clean_images,aug_0_7952.jpg,synthetic,,
train_clean_images,aug_0_7961.jpg,synthetic,,
train_clean_images,aug_0_8023.jpg,synthetic,,
train_clean_images,aug_0_8046.jpg,synthetic,,
train_clean_images,aug_0_8104.jpg,synthetic,,
train_clean_images,aug_0_8200.jpg,synthetic,,
train_clean_images,aug_0_8287.jpg,synthetic,,
train_clean_images,aug_0_8291.jpg,synthetic,,
train_clean_images,aug_0_8313.jpg,synthetic,,
train_clean_images,aug_0_8331.jpg,synthetic,,
train_clean_images,aug_0_8358.jpg,synthetic,,
train_clean_images,aug_0_8491.jpg,synthetic,,
train_clean_images,aug_0_8538.jpg,synthetic,,
train_clean_images,aug_0_8598.jpg,synthetic,,
train_clean_images,aug_0_8610.jpg,synthetic,,
train_clean_images,aug_0_8616.jpg,synthetic,,
train_clean_images,aug_0_8658.jpg,synthetic,,
train_clean_images,aug_0_8708.jpg,synthetic,,
train_clean_images,aug_0_8742.jpg,synthetic,,
train_clean_images,aug_0_8766.jpg,synthetic,,
train_clean_images,aug_0_8773.jpg,synthetic,,
train_clean_images,aug_0_881.jpg,synthetic,,
train_clean_images,aug_0_8845.jpg,synthetic,,
train_clean_images,aug_0_8865.jpg,synthetic,,
train_clean_images,aug_0_8880.jpg,synthetic,,
train_clean_images,aug_0_889.jpg,synthetic,,
train_clean_images,aug_0_8920.jpg,synthetic,,
train_clean_images,aug_0_8987.jpg,synthetic,,
train_clean_images,aug_0_9007.jpg,synthetic,,
train_clean_images,aug_0_9112.jpg,synthetic,,
train_clean_images,aug_0_9126.jpg,synthetic,,
train_clean_images,aug_0_9128.jpg,synthetic,,
train_clean_images,aug_0_9152.jpg,synthetic,,
train_clean_images,aug_0_9153.jpg,synthetic,,
train_clean_images,aug_0_9224.jpg,synthetic,,
train_clean_images,aug_0_9232.jpg,synthetic,,
train_clean_images,aug_0_9240.jpg,synthetic,,
train_clean_images,aug_0_9276.jpg,synthetic,,
train_clean_images,aug_0_9316.jpg,synthetic,,
train_clean_images,aug_0_9344.jpg,synthetic,,
train_clean_images,aug_0_9367.jpg,synthetic,,
train_clean_images,aug_0_9373.jpg,synthetic,,
train_clean_images,aug_0_9458.jpg,synthetic,,
train_clean_images,aug_0_9504.jpg,synthetic,,
train_clean_images,aug_0_9510.jpg,synthetic,,
train_clean_images,aug_0_9531.jpg,synthetic,,
train_clean_images,aug_0_9545.jpg,synthetic,,
train_clean_images,aug_0_9566.jpg,synthetic,,
train_clean_images,aug_0_9603.jpg,synthetic,,
train_clean_images,aug_0_9623.jpg,synthetic,,
train_clean_images,aug_0_966.jpg,synthetic,,
train_clean_images,aug_0_9701.jpg,synthetic,,
train_clean_images,aug_0_9704.jpg,synthetic,,
train_clean_images,aug_0_972.jpg,synthetic,,
train_clean_images,aug_0_9734.jpg,synthetic,,
train_clean_images,aug_0_976.jpg,synthetic,,
train_clean_images,aug_0_9771.jpg,synthetic,,
train_clean_images,aug_0_9780.jpg,synthetic,,
train_clean_images,aug_0_9793.jpg,synthetic,,
train_clean_images,aug_0_9820.jpg,synthetic,,
train_clean_images,aug_0_984.jpg,synthetic,,
train_clean_images,aug_0_992.jpg,synthetic,,
train_clean_images,aug_0_9996.jpg,synthetic,,
train_clean_images,b2d064c3-3851-4cf4-8380-195c89569379.jpg,Seachios,clean,clean_178
train_clean_images,bb8957f9-7a04-468d-a3e2-322313392d4f.jpg,Seachios,clean,clean_183
train_clean_images,bceb6b7c-0e71-4cbd-9150-c05d81cdbc5a.jpg,Seachios,clean,clean_184
train_clean_images,c07aab5d-ed3e-456b-a92f-04419fdce315.jpg,Seachios,clean,clean_187
train_clean_images,c4e64088-a912-4086-8a95-939c8c38702b.jpg,Seachios,clean,clean_190
train_clean_images,c6dfcd0e-f7eb-40f8-a708-e9971cf40e1f.jpg,Seachios,clean,clean_193
train_clean_images,c7c992b9-5b5d-4d2a-81fb-30e759b33d8d.jpg,Seachios,clean,clean_194
train_clean_images,c857e82a-feeb-40d4-a259-d20a8d3a4599.jpg,Seachios,clean,clean_195
train_clean_images,c89cba53-32bf-45f5-af46-29e718103114.jpg,Seachios,clean,clean_196
train_clean_images,cargo hold 1.jpg,Nippon Paint Marine,clean,clean_0
train_clean_images,cargo hold 2.jpg,Nippon Paint Marine,clean,clean_1
train_clean_images,cargo hold 3.jpg,Nippon Paint Marine,clean,clean_2
train_clean_images,cargo hold 4.jpg,Nippon Paint Marine,clean,clean_3
train_clean_images,cbfc9214-b427-4f87-b877-26740ce0aba1.jpg,Seachios,clean,clean_198
train_clean_images,cda5038b-9840-4be4-aa14-e1943a7bf730.jpg,Seachios,clean,clean_200
train_clean_images,d40def48-9c2f-4039-a483-774356e9b4f6.jpg,Seachios,clean,clean_204
train_clean_images,d6d39b94-eff6-444f-aa5f-7c1689b891a5.jpg,Seachios,clean,clean_205
train_clean_images,d96821bd-83ce-417f-ac31-5809b845bb5d.jpg,Seachios,clean,clean_207
train_clean_images,ddb73bb8-813b-448f-9118-dc04205cba96.jpg,Seachios,dirty,dirty_212
train_clean_images,e29ea672-6d46-40d7-90a2-3a7f30bda716.jpg,Seachios,clean,clean_215
train_clean_images,e500598e-3da8-4018-b81a-aa4fe530c060.jpg,Seachios,clean,clean_216
train_clean_images,e6020f64-ae49-439d-8385-6effa8b59f77.jpg,Seachios,clean,clean_217
train_clean_images,e9151cac-5815-4914-b7d8-95b94c12823f.jpg,Seachios,clean,clean_219
train_clean_images,ec7cd54c-9f8c-438c-9ba8-d4e991334728.jpg,Seachios,clean,clean_221
train_clean_images,f257a8e8-e780-4ffc-9c71-7733f2baee8a.jpg,Seachios,clean,clean_223
train_clean_images,f5b4d1d1-8c4c-476e-bda2-efad682c0f59.jpg,Seachios,clean,clean_226
train_clean_images,febd7c57-db1e-4b35-97ce-1d63ee3a7822.jpg,Seachios,clean,clean_232
train_clean_images,fed5972e-c03c-4ca8-84b2-d7a862b764e9.jpg,Seachios,clean,clean_233
train_clean_images,ffbdef5a-b98a-4489-bff5-589800c99570.jpg,Seachios,clean,clean_234
train_clean_images,image0.jpg,Seachios,clean,clean_235
train_clean_images,image1.jpg,Seachios,clean,clean_236
train_clean_images,image10.jpg,Seachios,clean,clean_237
train_clean_images,image11.jpg,Seachios,clean,clean_238
train_clean_images,image12.jpg,Seachios,not_used,not_used_239
train_clean_images,image16.jpg,Seachios,clean,clean_241
train_clean_images,image17.jpg,Seachios,clean,clean_242
train_clean_images,image18.jpg,Seachios,clean,clean_243
train_clean_images,image22.jpg,Seachios,clean,clean_245
train_clean_images,image3.jpg,Seachios,dirty,dirty_246
train_clean_images,image4.jpg,Seachios,clean,clean_247
train_clean_images,image5.jpg,Seachios,clean,clean_248
train_clean_images,image6.jpg,Seachios,clean,clean_249
train_clean_images,image9.jpg,Seachios,clean,clean_250
train_clean_images,IMG-20241014-WA0152.jpg,Seachios,clean,clean_254
train_clean_images,IMG-20241014-WA0153.jpg,Seachios,clean,clean_255
train_clean_images,IMG-20241014-WA0154.jpg,Seachios,dirty,dirty_256
train_clean_images,IMG_2175.jpg,Three Ds Marine,clean,clean_803
train_clean_images,IMG_2189.jpg,Three Ds Marine,clean,clean_809
train_clean_images,IMG_2223.jpg,Three Ds Marine,dirty,dirty_812
train_clean_images,IMG_2224.jpg,Three Ds Marine,clean,clean_813
train_clean_images,IMG_2226.jpg,Three Ds Marine,clean,clean_814
train_clean_images,IMG_2227.jpg,Three Ds Marine,clean,clean_815
train_clean_images,IMG_2228.jpg,Three Ds Marine,clean,clean_816
train_clean_images,IMG_2229.jpg,Three Ds Marine,clean,clean_817
train_clean_images,IMG_2286.jpg,Three Ds Marine,clean,clean_820
train_clean_images,IMG_2287.jpg,Three Ds Marine,clean,clean_821
train_clean_images,IMG_2291.jpg,Three Ds Marine,clean,clean_822
train_clean_images,IMG_2293.jpg,Three Ds Marine,clean,clean_824
train_clean_images,IMG_5908.jpg,Seachios,clean,clean_257
train_clean_images,IMG_9512.jpg,Three Ds Marine,clean,clean_831
train_clean_images,IMG_9513.jpg,Three Ds Marine,clean,clean_832
train_clean_images,pro-KHhaaW2m.jpeg,Seachios,clean,clean_259
train_clean_images,pro-Yn1glliN.jpg,Seachios,clean,clean_260
train_clean_images,recovered-cargo-hold-by-seachios-bulkoperations.jpeg,Seachios,clean,clean_261
train_clean_images,WhatsApp Image 2024-06-08 at 01.jpg,Seachios,clean,clean_262
train_clean_images,WhatsApp Image 2024-06-08 at 02.jpg,Seachios,clean,clean_263
train_clean_images,WhatsApp+Image+2024-06-08+at+01.18.35+(2).jpeg,Seachios,clean,clean_265
train_clean_images,WhatsApp+Image+2024-06-08+at+01.18.35+(3).jpeg,Seachios,clean,clean_266
train_clean_images,WhatsApp+Image+2024-06-08+at+01.18.35+(4).jpeg,Seachios,clean,clean_267
train_clean_images,WhatsApp+Image+2024-06-08+at+01.18.36+(1).jpeg,Seachios,clean,clean_269
train_clean_images,WhatsApp+Image+2024-06-08+at+01.18.36+(2).jpeg,Seachios,clean,clean_270
train_clean_images,WhatsApp+Image+2024-06-08+at+01.18.36+(3).jpeg,Seachios,clean,clean_271
train_clean_images,WhatsApp+Image+2024-06-08+at+01.18.36.jpeg,Seachios,clean,clean_272
train_clean_images,WhatsApp+Image+2024-06-08+at+01.18.36.jpg,Seachios,clean,clean_273
train_dirty_images,05445a7b-42e4-4053-a6a8-da6a53c99467.jpg,Seachios,dirty,dirty_7
train_dirty_images,06e271c3-53d1-484e-8c9c-b4034b6b10c1.jpg,Seachios,dirty,dirty_8
train_dirty_images,1000052903.jpg,Seachios,dirty,dirty_16
train_dirty_images,100051832_2995576943822881_4862361595679866880_n.jpg,Three Ds Marine,dirty,dirty_274
train_dirty_images,100100291_2995576600489582_4072725179636121600_n.jpg,Three Ds Marine,dirty,dirty_276
train_dirty_images,100479422_2995576340489608_373633833737650176_n.jpg,Three Ds Marine,dirty,dirty_278
train_dirty_images,100479425_2995580610489181_6851986478084390912_n.jpg,Three Ds Marine,dirty,dirty_279
train_dirty_images,100560110_2995577947156114_6411977601279066112_n.jpg,Three Ds Marine,dirty,dirty_280
train_dirty_images,12c943_01784894d7a94b78ad879c70922956c4~mv2.jpg,Three Ds Marine,dirty,dirty_281
train_dirty_images,12c943_0256842f37bb40ca879aa35ddc9dfb13~mv2.jpg,Three Ds Marine,dirty,dirty_282
train_dirty_images,12c943_079430c376f04d0cbb0f9c5d83fe6885~mv2.jpg,Three Ds Marine,dirty,dirty_284
train_dirty_images,12c943_0c8df06f33884f4a81ff32946e15dee4~mv2.jpg,Three Ds Marine,dirty,dirty_286
train_dirty_images,12c943_10e09cc13180416fa0ef6226035d0f41~mv2.jpg,Three Ds Marine,dirty,dirty_289
train_dirty_images,12c943_143c59909c024e2fb2523468efcedd6f~mv2.jpg,Three Ds Marine,dirty,dirty_290
train_dirty_images,12c943_1a551548700c457e94dd9167c36385c1~mv2.jpg,Three Ds Marine,dirty,dirty_291
train_dirty_images,12c943_1b3254fa8d3843098793ccb82fbf1d3b~mv2.jpg,Three Ds Marine,dirty,dirty_292
train_dirty_images,12c943_1ff40351da324d869a7f3b4c40d1b3e2~mv2.jpg,Three Ds Marine,dirty,dirty_294
train_dirty_images,12c943_250576ae29804f4383ace26b13765408~mv2.jpg,Three Ds Marine,dirty,dirty_295
train_dirty_images,12c943_25200181e5054bb49a419cafb1c8a887~mv2.jpg,Three Ds Marine,dirty,dirty_296
train_dirty_images,12c943_2fa04463d9254f2b8baf668e14de169a~mv2.jpg,Three Ds Marine,dirty,dirty_298
train_dirty_images,12c943_300a1428830f4724850b59d09ef3c5ac~mv2.jpg,Three Ds Marine,dirty,dirty_299
train_dirty_images,12c943_32ff810ef48641c1959e3632be9fc6c9~mv2.jpg,Three Ds Marine,dirty,dirty_300
train_dirty_images,12c943_3ff23eb06ed2403caec2cc4de7aa13d3~mv2.jpg,Three Ds Marine,dirty,dirty_303
train_dirty_images,12c943_41db95433ef840a8841ff999ba5594d3~mv2.jpg,Three Ds Marine,dirty,dirty_304
train_dirty_images,12c943_435970e568d3431aaef3c52dd4d44467~mv2.jpg,Three Ds Marine,dirty,dirty_305
train_dirty_images,12c943_478bc06becdf4b48a4959153a52b3d17~mv2.jpg,Three Ds Marine,dirty,dirty_307
train_dirty_images,12c943_50a3fae6478a485fa9fca909ef8e5f0f~mv2.jpg,Three Ds Marine,dirty,dirty_309
train_dirty_images,12c943_5a9ae98971104120933b0f14dfb396a6~mv2.jpg,Three Ds Marine,dirty,dirty_312
train_dirty_images,12c943_5ededfe2fac0434fa66d0f2bf42e8ffd~mv2.jpg,Three Ds Marine,dirty,dirty_313
train_dirty_images,12c943_7674c9ee45bb435191cf6a5512e55568~mv2.jpg,Three Ds Marine,dirty,dirty_319
train_dirty_images,12c943_7da1a16be47944e1928c2b54b75dcac4~mv2.jpg,Three Ds Marine,dirty,dirty_320
train_dirty_images,12c943_80f4c486005e4b5bb497555516d3ff1e~mv2.jpg,Three Ds Marine,dirty,dirty_321
train_dirty_images,12c943_89c719128c2f499a9c28136e4f71513e~mv2.jpg,Three Ds Marine,dirty,dirty_325
train_dirty_images,12c943_8a748a39db414724a2ff172600453898~mv2.jpg,Three Ds Marine,dirty,dirty_326
train_dirty_images,12c943_9d03168613154158b4b699ed04c44d99~mv2.jpg,Three Ds Marine,dirty,dirty_329
train_dirty_images,12c943_9e125955cb784a0a8abc0308fc107e01~mv2 .jpg,Three Ds Marine,dirty,dirty_330
train_dirty_images,12c943_9fc3784696854bada54042bffbacbb97~mv2.jpg,Three Ds Marine,dirty,dirty_331
train_dirty_images,12c943_a78291060cfa4a6b819ce537735a359b~mv2.jpg,Three Ds Marine,dirty,dirty_332
train_dirty_images,12c943_ad3d68712e024c038302401bfc177bcb~mv2.jpg,Three Ds Marine,dirty,dirty_334
train_dirty_images,12c943_b39fdc489ba944a8a567415f3928e108~mv2.jpg,Three Ds Marine,dirty,dirty_336
train_dirty_images,12c943_b43857a7c04f48058462d098b046512e~mv2.jpg,Three Ds Marine,dirty,dirty_337
train_dirty_images,12c943_b80e3931d0e1482db8e5fbbe69dbaa60~mv2.jpg,Three Ds Marine,dirty,dirty_339
train_dirty_images,12c943_b8f1aa84d3e94bea871c963145fc3acd~mv2.jpg,Three Ds Marine,dirty,dirty_340
train_dirty_images,12c943_bcae61082506456cb450dd2fc3c4c40c~mv2.jpg,Three Ds Marine,dirty,dirty_342
train_dirty_images,12c943_c655ce622e834045ad6a77b46b7579eb~mv2.jpg,Three Ds Marine,dirty,dirty_344
train_dirty_images,12c943_c81b3a824bb041719f1729babef9eeb1~mv2.jpg,Three Ds Marine,dirty,dirty_345
train_dirty_images,12c943_c848c295e3d2464c96d2e64d900ce4c4~mv2.jpg,Three Ds Marine,dirty,dirty_346
train_dirty_images,12c943_d4b928f2cfd042f2b5571f9f6d8f52e2~mv2.jpg,Three Ds Marine,dirty,dirty_350
train_dirty_images,12c943_d51d1cf0cc2140a098ac6e3d506c2945~mv2.jpg,Three Ds Marine,dirty,dirty_351
train_dirty_images,12c943_d95ecb50bf9147aeb5401518c594378a~mv2.jpg,Three Ds Marine,dirty,dirty_352
train_dirty_images,12c943_da3b89f8d981498aa98df18de32bc30b~mv2.jpg,Three Ds Marine,dirty,dirty_353
train_dirty_images,12c943_db2837f7493d4cdea7d4d79c4cc7b70a~mv2.jpg,Three Ds Marine,dirty,dirty_354
train_dirty_images,12c943_dd926d934c464a2990d3288d3e62ea47~mv2.jpg,Three Ds Marine,dirty,dirty_355
train_dirty_images,12c943_df0d11f380804563a7307b36b4b3f89c~mv2.jpg,Three Ds Marine,dirty,dirty_356
train_dirty_images,12c943_e081ca72bc674f848fa52b4bdae6665a~mv2.jpg,Three Ds Marine,dirty,dirty_357
train_dirty_images,12c943_e36d814d363d4f36a762509d03baf881~mv2.jpg,Three Ds Marine,dirty,dirty_358
train_dirty_images,12c943_e53efdefc0294acaa30e0a394f266436~mv2.jpg,Three Ds Marine,dirty,dirty_360
train_dirty_images,12c943_e846dc60c59c43b5956c9f6f0f939d1b~mv2.jpg,Three Ds Marine,dirty,dirty_361
train_dirty_images,12c943_ecb0bdeed8c44f29974d67fbc5c0dc10~mv2.jpg,Three Ds Marine,dirty,dirty_362
train_dirty_images,12c943_eeaa9cac3dc74532b953add282d5981a~mv2.jpg,Three Ds Marine,dirty,dirty_363
train_dirty_images,12c943_ef066e95015f4892b60cc9e4dbb008c9~mv2 (1).jpg,Three Ds Marine,dirty,dirty_364
train_dirty_images,12c943_efd8bd3332474e328fdbcef5cb7d2f46~mv2.jpg,Three Ds Marine,dirty,dirty_365
train_dirty_images,12c943_f46c83e99b814155b321c0362a90d074~mv2.jpg,Three Ds Marine,dirty,dirty_366
train_dirty_images,12c943_f4c0402331dc459bbc48eeee1692a07e~mv2.jpg,Three Ds Marine,dirty,dirty_367
train_dirty_images,12c943_f61f9ce00a464a6bbb4db22db9022462~mv2.jpg,Three Ds Marine,dirty,dirty_368
train_dirty_images,12c943_f70a2823fd3c49e9a182372057092396~mv2.jpg,Three Ds Marine,dirty,dirty_369
train_dirty_images,12c943_f8af22d776b9411c826425753072d905~mv2.jpg,Three Ds Marine,dirty,dirty_371
train_dirty_images,12c943_fbe3c10b7aeb4f7cbb5d25e688258b88~mv2.jpg,Three Ds Marine,dirty,dirty_374
train_dirty_images,12c943_fe61537876c040c3a5c78336232d6d51~mv2.jpg,Three Ds Marine,dirty,dirty_375
train_dirty_images,1f3b41fc-aa34-4c16-badc-d00642d98617 (1).jpg,Seachios,dirty,dirty_21
train_dirty_images,1f3b41fc-aa34-4c16-badc-d00642d98617.jpg,Seachios,dirty,dirty_22
train_dirty_images,269de922-5615-4ba0-9acf-1b585e892f6a.jpg,Seachios,dirty,dirty_31
train_dirty_images,28e52270-9933-4709-961d-8c308a3722a8.jpg,Seachios,dirty,dirty_34
train_dirty_images,2a4e2219-13fe-4ee0-a9af-54d55303aa7b.jpg,Seachios,dirty,dirty_37
train_dirty_images,2acf7695-b310-4340-be43-2d86f2a1ed57.jpg,Seachios,dirty,dirty_38
train_dirty_images,2ffe7cdd-ad09-484e-a56c-6cf73fc86541.jpg,Seachios,dirty,dirty_43
train_dirty_images,31de1d15-8ca2-4f70-bd1c-861b5645d358.jpg,Seachios,dirty,dirty_45
train_dirty_images,3280f643-b84f-4fdd-8f77-fe3fbe08b1a4.jpg,Seachios,dirty,dirty_48
train_dirty_images,35ba328f-1f5c-4c96-bf30-b24cbf47f361.jpg,Seachios,dirty,dirty_51
train_dirty_images,35fb4642-2cf5-4ed7-a62e-dcfd8bb26fa9.jpg,Seachios,dirty,dirty_52
train_dirty_images,370f5b4e-9b3f-414c-a1ee-c2366e68dff2.jpg,Seachios,dirty,dirty_53
train_dirty_images,3821fab8-23c9-4906-b689-ca918aaf8c77.jpg,Seachios,dirty,dirty_56
train_dirty_images,3b89d810-9341-4382-90ba-19f4d98e995e.jpg,Seachios,dirty,dirty_59
train_dirty_images,3df37444-faa5-4fae-8550-32ed209764a6.jpg,Seachios,dirty,dirty_61
train_dirty_images,413841aa-2ac7-49bb-948b-0d5c38098ef1.jpg,Seachios,dirty,dirty_65
train_dirty_images,4438defb-de75-4ef9-9eee-b99311e0bee8.jpg,Seachios,dirty,dirty_67
train_dirty_images,46458048_1983208705059715_3649318696481980416_n.jpg,Three Ds Marine,dirty,dirty_377
train_dirty_images,46470628_1983209375059648_1082277994191388672_n.jpg,Three Ds Marine,dirty,dirty_379
train_dirty_images,46474608_1983203988393520_7337535301151096832_n.jpg,Three Ds Marine,clean,clean_380
train_dirty_images,464782733_8596808883699631_6415090578428962945_n.jpg,Three Ds Marine,dirty,dirty_381
train_dirty_images,46479436_1983203255060260_2954830885674811392_n.jpg,Three Ds Marine,dirty,dirty_382
train_dirty_images,46479894_1983203248393594_4600927546257702912_n.jpg,Three Ds Marine,dirty,dirty_384
train_dirty_images,46480068_1983212595059326_3754220858915160064_n.jpg,Three Ds Marine,dirty,dirty_385
train_dirty_images,46480113_1983212451726007_5833898715751907328_n.jpg,Three Ds Marine,dirty,dirty_386
train_dirty_images,46480408_1983204101726842_5489380989299851264_n.jpg,Three Ds Marine,dirty,dirty_387
train_dirty_images,464809049_8596808897032963_2794793965247910768_n.jpg,Three Ds Marine,clean,clean_388
train_dirty_images,46482116_1983209225059663_187809346371977216_n.jpg,Three Ds Marine,clean,clean_389
train_dirty_images,46482230_1983209068393012_3043031311863250944_n.jpg,Three Ds Marine,dirty,dirty_390
train_dirty_images,46482242_1983203398393579_1707927121445257216_n.jpg,Three Ds Marine,dirty,dirty_391
train_dirty_images,46485255_1983203818393537_3201839484274475008_n.jpg,Three Ds Marine,dirty,dirty_394
train_dirty_images,46485657_1983197591727493_4784383999109758976_n.jpg,Three Ds Marine,clean,clean_397
train_dirty_images,46485835_1983209641726288_3992047908357668864_n.jpg,Three Ds Marine,dirty,dirty_398
train_dirty_images,46486158_1983212435059342_1997581678687551488_n.jpg,Three Ds Marine,dirty,dirty_399
train_dirty_images,46486215_1983212631725989_1645147528645050368_n.jpg,Three Ds Marine,dirty,dirty_401
train_dirty_images,46486341_1983204095060176_7365105422073593856_n.jpg,Three Ds Marine,dirty,dirty_402
train_dirty_images,46489434_1983203338393585_520208788238630912_n.jpg,Three Ds Marine,dirty,dirty_405
train_dirty_images,46489502_1983212485059337_1141353066029645824_n.jpg,Three Ds Marine,dirty,dirty_406
train_dirty_images,46491446_1983209548392964_3471892652591415296_n.jpg,Three Ds Marine,dirty,dirty_408
train_dirty_images,46492051_1983209721726280_1403810614748381184_n.jpg,Three Ds Marine,dirty,dirty_410
train_dirty_images,46492307_1983203298393589_516987803284799488_n.jpg,Three Ds Marine,dirty,dirty_411
train_dirty_images,46492613_1983209318392987_2701285471404687360_n.jpg,Three Ds Marine,dirty,dirty_412
train_dirty_images,46492692_1983212395059346_4711620909448822784_n.jpg,Three Ds Marine,dirty,dirty_413
train_dirty_images,464927307_8596808893699630_4616843235161589391_n.jpg,Three Ds Marine,dirty,dirty_414
train_dirty_images,46492871_1983209448392974_3887692697124732928_n.jpg,Three Ds Marine,dirty,dirty_415
train_dirty_images,46492956_1983209461726306_2585883857689509888_n.jpg,Three Ds Marine,dirty,dirty_416
train_dirty_images,464934201_8596809943699525_6001091768083424192_n.jpg,Three Ds Marine,dirty,dirty_417
train_dirty_images,46494400_1983209191726333_5846365545523314688_n.jpg,Three Ds Marine,dirty,dirty_418
train_dirty_images,46494552_1983208541726398_2517286912075497472_n.jpg,Three Ds Marine,dirty,dirty_419
train_dirty_images,46494600_1983204141726838_6445632630003073024_n.jpg,Three Ds Marine,dirty,dirty_420
train_dirty_images,46495518_1983209298392989_172984257432518656_n.jpg,Three Ds Marine,dirty,dirty_421
train_dirty_images,464955465_8596809193699600_2663622729086563515_n.jpg,Three Ds Marine,dirty,dirty_422
train_dirty_images,464955910_8596809937032859_4518513590993291098_n.jpg,Three Ds Marine,dirty,dirty_423
train_dirty_images,46496131_1983208598393059_3783371648061669376_n.jpg,Three Ds Marine,dirty,dirty_424
train_dirty_images,464971735_8596808900366296_8028269345035415729_n.jpg,Three Ds Marine,clean,clean_425
train_dirty_images,464973228_8598614233519096_1981769777951285788_n.jpg,Three Ds Marine,dirty,dirty_426
train_dirty_images,465006292_8596809663699553_3071085506199365337_n.jpg,Three Ds Marine,dirty,dirty_427
train_dirty_images,465010541_8596808890366297_8425820421757390710_n.jpg,Three Ds Marine,dirty,dirty_428
train_dirty_images,46501068_1983209048393014_8303805008906813440_n.jpg,Three Ds Marine,dirty,dirty_429
train_dirty_images,46501210_1983212501726002_1325216905119662080_n.jpg,Three Ds Marine,dirty,dirty_430
train_dirty_images,465012552_8596809197032933_5441120531111309966_n.jpg,Three Ds Marine,dirty,dirty_431
train_dirty_images,46501766_1983209401726312_3296655195185872896_n.jpg,Three Ds Marine,dirty,dirty_432
train_dirty_images,46501801_1983212771725975_7138488890108674048_n.jpg,Three Ds Marine,dirty,dirty_433
train_dirty_images,46501924_1983212538392665_142864291735797760_n.jpg,Three Ds Marine,dirty,dirty_434
train_dirty_images,465031171_8598614230185763_4296054996684274349_n.jpg,Three Ds Marine,dirty,dirty_436
train_dirty_images,465036059_8596808867032966_377546931752789381_n.jpg,Three Ds Marine,clean,clean_438
train_dirty_images,46503632_1983209575059628_3235276740976705536_n.jpg,Three Ds Marine,dirty,dirty_439
train_dirty_images,46503771_1983209128393006_1605920918020816896_n.jpg,Three Ds Marine,dirty,dirty_440
train_dirty_images,465048728_8598614236852429_2599525160204834742_n.jpg,Three Ds Marine,dirty,dirty_443
train_dirty_images,465049001_8598614226852430_348286118249082025_n.jpg,Three Ds Marine,dirty,dirty_444
train_dirty_images,465056456_8598614246852428_2220850128606591258_n.jpg,Three Ds Marine,dirty,dirty_445
train_dirty_images,46505789_1983203221726930_2115457137730650112_n.jpg,Three Ds Marine,dirty,dirty_446
train_dirty_images,465061049_8605905329456653_825239233404626275_n.jpg,Three Ds Marine,dirty,dirty_447
train_dirty_images,465061466_8605905089456677_1542163446288814787_n.jpg,Three Ds Marine,dirty,dirty_449
train_dirty_images,465062812_8596809190366267_1476424721414631274_n.jpg,Three Ds Marine,clean,clean_450
train_dirty_images,465063817_8598614216852431_5087345648173600448_n.jpg,Three Ds Marine,dirty,dirty_451
train_dirty_images,465068012_8596809177032935_4452219693552537755_n.jpg,Three Ds Marine,dirty,dirty_452
train_dirty_images,46508831_1983203755060210_6577736907675926528_n.jpg,Three Ds Marine,dirty,dirty_454
train_dirty_images,46510903_1983203408393578_3308155545646530560_n.jpg,Three Ds Marine,dirty,dirty_456
train_dirty_images,46511104_1983204148393504_368621241830998016_n.jpg,Three Ds Marine,dirty,dirty_457
train_dirty_images,465113651_8596809180366268_6306524053353509443_n.jpg,Three Ds Marine,dirty,dirty_458
train_dirty_images,465117726_8596809933699526_8867010380835987670_n.jpg,Three Ds Marine,dirty,dirty_460
train_dirty_images,465124080_8596808877032965_980746796983974607_n.jpg,Three Ds Marine,dirty,dirty_461
train_dirty_images,46513631_1983208638393055_5004069592025268224_n.jpg,Three Ds Marine,dirty,dirty_464
train_dirty_images,465139711_8603877839659402_690176579647511759_n.jpg,Three Ds Marine,dirty,dirty_465
train_dirty_images,465140205_8603877659659420_3260831202400065000_n.jpg,Three Ds Marine,dirty,dirty_466
train_dirty_images,465147508_8605904836123369_8312442195038189880_n.jpg,Three Ds Marine,dirty,dirty_467
train_dirty_images,465148809_8605905082790011_1283324417758121117_n.jpg,Three Ds Marine,dirty,dirty_468
train_dirty_images,465158874_8605905062790013_6027082673576362744_n.jpg,Three Ds Marine,dirty,dirty_471
train_dirty_images,465158915_8605905326123320_5006713386041814107_n.jpg,Three Ds Marine,dirty,dirty_472
train_dirty_images,46516200_1983204038393515_5825976339336790016_n.jpg,Three Ds Marine,clean,clean_473
train_dirty_images,465165286_8605905312789988_2694049602869940633_n.jpg,Three Ds Marine,dirty,dirty_474
train_dirty_images,465174331_8598614223519097_1189478627766085877_n.jpg,Three Ds Marine,dirty,dirty_475
train_dirty_images,465176158_8605905316123321_5994772188412968149_n.jpg,Three Ds Marine,dirty,dirty_476
train_dirty_images,46519162_1983212818392637_5611112182218489856_n.jpg,Three Ds Marine,dirty,dirty_480
train_dirty_images,46520397_1983203465060239_6946380839819149312_n.jpg,Three Ds Marine,dirty,dirty_481
train_dirty_images,46521402_1983209515059634_985127650727034880_n.jpg,Three Ds Marine,dirty,dirty_482
train_dirty_images,465229434_8596808887032964_373527860562052327_n.jpg,Three Ds Marine,dirty,dirty_483
train_dirty_images,465232216_8605904826123370_5079580875445917932_n.jpg,Three Ds Marine,clean,clean_484
train_dirty_images,465236596_8605904819456704_4747615728701579437_n.jpg,Three Ds Marine,dirty,dirty_485
train_dirty_images,46524021_1983203225060263_6989021562896646144_n.jpg,Three Ds Marine,clean,clean_486
train_dirty_images,465243304_8603877846326068_3964632836931223277_n.jpg,Three Ds Marine,dirty,dirty_487
train_dirty_images,465251405_8603877836326069_4670818695280815584_n.jpg,Three Ds Marine,dirty,dirty_490
train_dirty_images,465263185_8603877849659401_2151428529838782347_n.jpg,Three Ds Marine,dirty,dirty_491
train_dirty_images,465269100_8596809170366269_559093948932645027_n.jpg,Three Ds Marine,dirty,dirty_492
train_dirty_images,465272246_8598614240185762_8435355642950992196_n.jpg,Three Ds Marine,dirty,dirty_493
train_dirty_images,465278196_8605905306123322_1374255042941203479_n.jpg,Three Ds Marine,dirty,dirty_494
train_dirty_images,465283228_8598614243519095_5922121433264945271_n.jpg,Three Ds Marine,dirty,dirty_495
train_dirty_images,465395433_8605905319456654_8733248204117399358_n.jpg,Three Ds Marine,dirty,dirty_496
train_dirty_images,465401913_8603877646326088_7077631423095472548_n.jpg,Three Ds Marine,dirty,dirty_497
train_dirty_images,465453505_8605905322789987_6267472293927772884_n.jpg,Three Ds Marine,dirty,dirty_498
train_dirty_images,46624108_1983204011726851_8909396883701497856_n.jpg,Three Ds Marine,clean,clean_499
train_dirty_images,46631797_1983203871726865_9056526236876013568_n.jpg,Three Ds Marine,dirty,dirty_500
train_dirty_images,46631806_1983203448393574_7586301533512269824_n.jpg,Three Ds Marine,dirty,dirty_501
train_dirty_images,46648887_1983212561725996_9121018430705631232_n.jpg,Three Ds Marine,dirty,dirty_503
train_dirty_images,46675044_1983208488393070_2248909549803143168_n.jpg,Three Ds Marine,dirty,dirty_504
train_dirty_images,46697409_1983212825059303_1083552104829681664_n.jpg,Three Ds Marine,dirty,dirty_505
train_dirty_images,46706053_1983209351726317_6755771672986386432_n.jpg,Three Ds Marine,dirty,dirty_506
train_dirty_images,46722160_1983203825060203_1134146871116169216_n.jpg,Three Ds Marine,dirty,dirty_507
train_dirty_images,46730513_1983203745060211_8070079975354531840_n.jpg,Three Ds Marine,dirty,dirty_508
train_dirty_images,46730521_1983204658393453_867281775418671104_n.jpg,Three Ds Marine,clean,clean_509
train_dirty_images,47325070_2002131863167399_1841429655786094592_n.jpg,Three Ds Marine,dirty,dirty_512
train_dirty_images,47339471_2002131543167431_7288817233709498368_n.jpg,Three Ds Marine,clean,clean_513
train_dirty_images,47341524_2002131636500755_7919360124009840640_n.jpg,Three Ds Marine,clean,clean_514
train_dirty_images,47350606_2002131716500747_3844201677896810496_n.jpg,Three Ds Marine,clean,clean_515
train_dirty_images,47354962_2002131813167404_2604928726227484672_n.jpg,Three Ds Marine,dirty,dirty_517
train_dirty_images,47386293_2002131796500739_4871351881353396224_n.jpg,Three Ds Marine,dirty,dirty_518
train_dirty_images,47480436_2002131773167408_6005234727944978432_n.jpg,Three Ds Marine,dirty,dirty_519
train_dirty_images,47499569_2002131566500762_174418295473045504_n.jpg,Three Ds Marine,dirty,dirty_520
train_dirty_images,47571734_2007305152650070_4943068308959133696_n.jpg,Three Ds Marine,dirty,dirty_521
train_dirty_images,47572949_2007305175983401_6465235556526718976_n.jpg,Three Ds Marine,dirty,dirty_523
train_dirty_images,47573818_2002131613167424_6003553772234604544_n.jpg,Three Ds Marine,dirty,dirty_524
train_dirty_images,47574342_2008560419191210_6823785950452121600_n.jpg,Three Ds Marine,clean,clean_525
train_dirty_images,47575311_2007305225983396_5295803192611700736_n.jpg,Three Ds Marine,dirty,dirty_526
train_dirty_images,47576751_2007305319316720_4441131359569707008_n.jpg,Three Ds Marine,dirty,dirty_527
train_dirty_images,47578718_2007305352650050_4752941746126585856_n.jpg,Three Ds Marine,dirty,dirty_529
train_dirty_images,47580847_2007305135983405_7478302978831548416_n.jpg,Three Ds Marine,dirty,dirty_530
train_dirty_images,47679728_2002131653167420_8840152085220556800_n.jpg,Three Ds Marine,clean,clean_531
train_dirty_images,47679939_2008561192524466_4162785665966145536_n.jpg,Three Ds Marine,dirty,dirty_533
train_dirty_images,47679991_2007305272650058_7184063277712801792_n.jpg,Three Ds Marine,dirty,dirty_534
train_dirty_images,47681354_2008560402524545_7329408501472559104_n.jpg,Three Ds Marine,dirty,dirty_537
train_dirty_images,47685331_2008600745853844_1337855250115067904_n.jpg,Three Ds Marine,clean,clean_539
train_dirty_images,47685335_2008600692520516_2119035154725863424_n.jpg,Three Ds Marine,clean,clean_540
train_dirty_images,47688897_2008561182524467_6993616207240757248_n.jpg,Three Ds Marine,clean,clean_541
train_dirty_images,48020598_2008561132524472_7600319340398772224_n.jpg,Three Ds Marine,dirty,dirty_543
train_dirty_images,48045809_2008763705837548_7758758420500447232_n.jpg,Three Ds Marine,clean,clean_544
train_dirty_images,48059643_2008561165857802_6904311613679992832_n.jpg,Three Ds Marine,dirty,dirty_545
train_dirty_images,48156161_2007305245983394_6236570999471472640_n.jpg,Three Ds Marine,dirty,dirty_546
train_dirty_images,48185528_2008561232524462_5622506678915170304_n.jpg,Three Ds Marine,dirty,dirty_548
train_dirty_images,48249890_2008561109191141_8276511947734646784_n.jpg,Three Ds Marine,dirty,dirty_550
train_dirty_images,48255993_2008560372524548_3479739922913427456_n.jpg,Three Ds Marine,dirty,dirty_551
train_dirty_images,48274882_2008561249191127_2861258404586848256_n.jpg,Three Ds Marine,dirty,dirty_552
train_dirty_images,48275576_2007305115983407_8946261623090184192_n.jpg,Three Ds Marine,dirty,dirty_553
train_dirty_images,48275850_2008600679187184_1140297603586457600_n.jpg,Three Ds Marine,dirty,dirty_554
train_dirty_images,48376381_2026951547352097_850547487616794624_n.jpg,Three Ds Marine,dirty,dirty_559
train_dirty_images,48382491_2026951640685421_1114468013865697280_n.jpg,Three Ds Marine,dirty,dirty_560
train_dirty_images,48392376_2026951604018758_7157871914306764800_n.jpg,Three Ds Marine,dirty,dirty_561
train_dirty_images,48394382_2026951564018762_5713289329636278272_n.jpg,Three Ds Marine,dirty,dirty_562
train_dirty_images,48416873_2026951610685424_7755914074113703936_n.jpg,Three Ds Marine,dirty,dirty_564
train_dirty_images,48629de9-f644-4104-abce-2c6fcc681da1.jpg,Seachios,dirty,dirty_72
train_dirty_images,49443014_2049242301789688_510753847233216512_n.jpg,Three Ds Marine,clean,clean_568
train_dirty_images,49640373_2049242281789690_5744254819774758912_n.jpg,Three Ds Marine,clean,clean_569
train_dirty_images,49938294_2049242348456350_474315662521532416_n.jpg,Three Ds Marine,dirty,dirty_571
train_dirty_images,4b86ddfc-0259-4687-a2ca-d0086025f920.jpg,Seachios,dirty,dirty_74
train_dirty_images,4ca11598-4859-4821-a990-98c2aa47e2a8.jpg,Seachios,dirty,dirty_75
train_dirty_images,4f04e66e-3719-47ea-9ff9-00a6d8399b79.jpg,Seachios,dirty,dirty_81
train_dirty_images,50035257_2049242315123020_9194499840761921536_n.jpg,Three Ds Marine,clean,clean_572
train_dirty_images,50201691_2049242265123025_3021659344144957440_n.jpg,Three Ds Marine,clean,clean_573
train_dirty_images,50590572_2076377955742789_1785267563911970816_n.jpg,Three Ds Marine,clean,clean_574
train_dirty_images,50823729_2076377925742792_6250892202847764480_n.jpg,Three Ds Marine,dirty,dirty_575
train_dirty_images,50872917_2076377809076137_2151994965683601408_n.jpg,Three Ds Marine,dirty,dirty_576
train_dirty_images,51161360_2076377785742806_2462633191240892416_n.jpg,Three Ds Marine,dirty,dirty_578
train_dirty_images,51202462_2076377892409462_5686368715143118848_n.jpg,Three Ds Marine,dirty,dirty_579
train_dirty_images,51275657_2076377982409453_911429022699749376_n.jpg,Three Ds Marine,clean,clean_580
train_dirty_images,5229b308-4210-4eb3-8161-6cfe31e2cd5b.jpg,Seachios,dirty,dirty_86
train_dirty_images,54e80c9b-bad6-42c6-9457-b0a5b04ae186.jpg,Seachios,dirty,dirty_90
train_dirty_images,5d9d2de2-3e19-491f-88a5-8695aee537af.jpg,Seachios,dirty,dirty_92
train_dirty_images,64698675_2307429475970968_4069404276563116032_n.jpg,Three Ds Marine,dirty,dirty_582
train_dirty_images,64764452_2307432132637369_6700541065029484544_n.jpg,Three Ds Marine,dirty,dirty_583
train_dirty_images,64885435_2307431969304052_7452003455264096256_n.jpg,Three Ds Marine,dirty,dirty_584
train_dirty_images,64910671_2307431992637383_4053637979900477440_n.jpg,Three Ds Marine,clean,clean_586
train_dirty_images,64919632_2307432179304031_4074556557986103296_n.jpg,Three Ds Marine,dirty,dirty_587
train_dirty_images,65106205_2307428832637699_3464886998290923520_n.jpg,Three Ds Marine,dirty,dirty_590
train_dirty_images,65158843_2307432219304027_4243731132182429696_n.jpg,Three Ds Marine,dirty,dirty_591
train_dirty_images,65159273_2307432409304008_2139505046168010752_n.jpg,Three Ds Marine,dirty,dirty_592
train_dirty_images,65162172_2307432329304016_5547302274008612864_n.jpg,Three Ds Marine,dirty,dirty_593
train_dirty_images,65187942_2307432455970670_673559921232445440_n.jpg,Three Ds Marine,dirty,dirty_594
train_dirty_images,65288798_2307429449304304_3634466197061238784_n.jpg,Three Ds Marine,dirty,dirty_595
train_dirty_images,65319533_2307428812637701_1590294843450458112_n.jpg,Three Ds Marine,dirty,dirty_597
train_dirty_images,65439730_2307432532637329_8781855038118035456_n.jpg,Three Ds Marine,dirty,dirty_599
train_dirty_images,65478885_2307431912637391_3006313752413863936_n.jpg,Three Ds Marine,dirty,dirty_600
train_dirty_images,65554881_2307432052637377_1092362306819457024_n.jpg,Three Ds Marine,dirty,dirty_601
train_dirty_images,65607910_2307428745971041_5120810969248825344_n.jpg,Three Ds Marine,dirty,dirty_602
train_dirty_images,65635822_2325570854156830_7979217816198840320_n.jpg,Three Ds Marine,dirty,dirty_603
train_dirty_images,65744663_2325570914156824_255717276152496128_n.jpg,Three Ds Marine,dirty,dirty_604
train_dirty_images,65915261_2325570807490168_5608108922041794560_n.jpg,Three Ds Marine,dirty,dirty_605
train_dirty_images,66156520_2325570947490154_12758492410544128_n.jpg,Three Ds Marine,dirty,dirty_606
train_dirty_images,66578458_2345934372120478_1671920052665843712_n.jpg,Three Ds Marine,dirty,dirty_607
train_dirty_images,66628011_2345934645453784_2485709045499953152_n.jpg,Three Ds Marine,dirty,dirty_608
train_dirty_images,66638761_2345934245453824_6196388084314013696_n.jpg,Three Ds Marine,dirty,dirty_609
train_dirty_images,66819801_2345934655453783_6770619795835453440_n.jpg,Three Ds Marine,dirty,dirty_614
train_dirty_images,66860894_2345934525453796_1918357583823896576_n.jpg,Three Ds Marine,dirty,dirty_615
train_dirty_images,66904466_2345934478787134_2735228915772555264_n.jpg,Three Ds Marine,dirty,dirty_616
train_dirty_images,67141028_2363617910352124_8020007807803719680_n.jpg,Three Ds Marine,dirty,dirty_618
train_dirty_images,67184457_2363617807018801_3466502528764477440_n.jpg,Three Ds Marine,dirty,dirty_619
train_dirty_images,67240929_2345934575453791_7042509569477574656_n.jpg,Three Ds Marine,dirty,dirty_620
train_dirty_images,67289571_2363618077018774_6343840827051081728_n.jpg,Three Ds Marine,dirty,dirty_621
train_dirty_images,67303935_2363618007018781_7407601696810991616_n.jpg,Three Ds Marine,dirty,dirty_622
train_dirty_images,67403651_2363617710352144_1522222738545049600_n.jpg,Three Ds Marine,dirty,dirty_624
train_dirty_images,67802293_2389432751103973_4896844006903775232_n.jpg,Three Ds Marine,dirty,dirty_627
train_dirty_images,67828204_2395340073846574_8902360902636929024_n.jpg,Three Ds Marine,dirty,dirty_628
train_dirty_images,67845242_2389432794437302_2485490719427395584_n.jpg,Three Ds Marine,dirty,dirty_630
train_dirty_images,68294565_2389432851103963_3746250842722795520_n.jpg,Three Ds Marine,dirty,dirty_634
train_dirty_images,68750715_2395339987179916_7201215611861467136_n.jpg,Three Ds Marine,dirty,dirty_637
train_dirty_images,68f98fa3-02ab-4bd7-a23e-a317b7d78e5e.jpg,Seachios,dirty,dirty_99
train_dirty_images,69068162_2395340037179911_3650502045871374336_n.jpg,Three Ds Marine,dirty,dirty_640
train_dirty_images,6bbe2f92-169d-450c-a544-4f07c11fdb87.jpg,Seachios,dirty,dirty_105
train_dirty_images,6f48b644-cd48-4608-af35-6722f2ca0f8e.jpg,Seachios,dirty,dirty_109
train_dirty_images,6f768be4-885d-4a8a-80ba-796f972e66f6.jpg,Seachios,dirty,dirty_110
train_dirty_images,6faf800f-de2d-4b1c-8597-54fa4228a4ed.jpg,Seachios,dirty,dirty_113
train_dirty_images,711f8191-0da6-4aef-b017-7a7a0c3c86b1.jpg,Seachios,dirty,dirty_116
train_dirty_images,72073722-8a75-4257-b556-2f4e7ac00478.jpg,Seachios,dirty,dirty_117
train_dirty_images,79519313_2757374470976464_8564649728686424064_n.jpg,Three Ds Marine,dirty,dirty_646
train_dirty_images,80d1cd94-11a6-437c-8ee9-0ef0e3ddcd63.jpg,Seachios,dirty,dirty_129
train_dirty_images,82288131_2757354917645086_2013529442013413376_n.jpg,Three Ds Marine,dirty,dirty_647
train_dirty_images,83136843_2757369354310309_1743148524742115328_n.jpg,Three Ds Marine,dirty,dirty_648
train_dirty_images,83272266_2757369410976970_7389290339967696896_n.jpg,Three Ds Marine,dirty,dirty_650
train_dirty_images,83466832_2757375907642987_716426606834352128_n.jpg,Three Ds Marine,dirty,dirty_652
train_dirty_images,83555015_2757374520976459_1236159289358286848_n.jpg,Three Ds Marine,dirty,dirty_653
train_dirty_images,84002324_2757374670976444_6224409821047685120_n.jpg,Three Ds Marine,dirty,dirty_655
train_dirty_images,84086889_2757374740976437_716919278237908992_n.jpg,Three Ds Marine,dirty,dirty_656
train_dirty_images,84139249_2757374334309811_4106894908650946560_n.jpg,Three Ds Marine,dirty,dirty_658
train_dirty_images,84171107_2757360137644564_7029292318725242880_n.jpg,Three Ds Marine,dirty,dirty_660
train_dirty_images,84179328_2757374427643135_1463727710630051840_n.jpg,Three Ds Marine,dirty,dirty_661
train_dirty_images,84187152_2757360110977900_1621484681205645312_n.jpg,Three Ds Marine,dirty,dirty_662
train_dirty_images,84262026_2757354794311765_587590047654477824_n.jpg,Three Ds Marine,dirty,dirty_663
train_dirty_images,84267787_2757376140976297_3184022272008519680_n.jpg,Three Ds Marine,dirty,dirty_664
train_dirty_images,84267790_2757376287642949_8161657371119058944_n.jpg,Three Ds Marine,dirty,dirty_665
train_dirty_images,84274017_2757360330977878_2062985827218096128_n.jpg,Three Ds Marine,dirty,dirty_666
train_dirty_images,84274415_2757362994310945_7320075404394364928_n.jpg,Three Ds Marine,dirty,dirty_667
train_dirty_images,84291330_2757376230976288_3211367293695033344_n.jpg,Three Ds Marine,dirty,dirty_668
train_dirty_images,84297220_2757376064309638_3032808623978840064_n.jpg,Three Ds Marine,dirty,dirty_669
train_dirty_images,84334502_2757360254311219_2348155845897879552_n.jpg,Three Ds Marine,dirty,dirty_670
train_dirty_images,84338517_2757369520976959_1937028931941040128_n.jpg,Three Ds Marine,dirty,dirty_671
train_dirty_images,84358904_2757374494309795_8965227391215468544_n.jpg,Three Ds Marine,dirty,dirty_673
train_dirty_images,84358935_2757374530976458_385982672167501824_n.jpg,Three Ds Marine,dirty,dirty_674
train_dirty_images,84383005_2757374577643120_880859442646614016_n.jpg,Three Ds Marine,dirty,dirty_675
train_dirty_images,84400053_2757376124309632_8635225765165662208_n.jpg,Three Ds Marine,dirty,dirty_676
train_dirty_images,84411154_2757354850978426_2037512255926435840_n.jpg,Three Ds Marine,dirty,dirty_677
train_dirty_images,84413137_2757369454310299_4109328544495042560_n.jpg,Three Ds Marine,dirty,dirty_678
train_dirty_images,84413709_2757368024310442_8312713110381133824_n.jpg,Three Ds Marine,dirty,dirty_679
train_dirty_images,84442352_2757375937642984_5325040400795172864_n.jpg,Three Ds Marine,dirty,dirty_681
train_dirty_images,84462284_2757360337644544_3088114574252048384_n.jpg,Three Ds Marine,clean,clean_682
train_dirty_images,84472292_2757360187644559_99537172754857984_n.jpg,Three Ds Marine,clean,clean_683
train_dirty_images,84507787_2757354854311759_7541225525323235328_n.jpg,Three Ds Marine,dirty,dirty_685
train_dirty_images,84518353_2757368144310430_6521147595404869632_n.jpg,Three Ds Marine,dirty,dirty_686
train_dirty_images,84974912_2757362904310954_1511188241712152576_n.jpg,Three Ds Marine,dirty,dirty_691
train_dirty_images,85092653_2757376207642957_2982756058658766848_n.jpg,Three Ds Marine,dirty,dirty_692
train_dirty_images,85190618_2757374614309783_2035856885336244224_n.jpg,Three Ds Marine,dirty,dirty_693
train_dirty_images,85198097_2757360320977879_5012893559385227264_n.jpg,Three Ds Marine,clean,clean_694
train_dirty_images,85254610_2757362944310950_5162863565274611712_n.jpg,Three Ds Marine,dirty,dirty_695
train_dirty_images,897dfcc6-797d-466a-9f68-18007f585558.jpg,Seachios,dirty,dirty_141
train_dirty_images,8b31ac1e-7624-4fe7-88c2-b070b55980b6.jpg,Seachios,dirty,dirty_142
train_dirty_images,8bdc8624-89b8-4afc-bf68-4c36c24534ba.jpg,Seachios,dirty,dirty_144
train_dirty_images,8ea55253-905a-4ab9-95cb-c212b5cf1877.jpg,Seachios,dirty,dirty_148
train_dirty_images,90462845_2859671047413472_8857388725282275328_n.jpg,Three Ds Marine,clean,clean_696
train_dirty_images,90790055_2859671860746724_7481643007393923072_n.jpg,Three Ds Marine,dirty,dirty_697
train_dirty_images,91117542_2859671824080061_3311545902635679744_n.jpg,Three Ds Marine,dirty,dirty_702
train_dirty_images,91187922_2859671750746735_3143512067458203648_n.jpg,Three Ds Marine,dirty,dirty_703
train_dirty_images,91269404_2859670977413479_6251626440391917568_n.jpg,Three Ds Marine,dirty,dirty_704
train_dirty_images,927a6e11-7fd6-4f7f-811f-33979b7868d4.jpg,Seachios,dirty,dirty_150
train_dirty_images,954d1304-f9f3-4c42-99fb-a17b04ac0e03.jpg,Seachios,dirty,dirty_153
train_dirty_images,96958124-01df-413e-87a6-d2412a4d558d.jpg,Seachios,dirty,dirty_154
train_dirty_images,97333014_2995580467155862_6751538029233438720_n.jpg,Three Ds Marine,dirty,dirty_705
train_dirty_images,97522168_2995576527156256_2549814657913192448_n.jpg,Three Ds Marine,dirty,dirty_708
train_dirty_images,97618635_2995584043822171_3826844525347733504_n.jpg,Three Ds Marine,dirty,dirty_711
train_dirty_images,97694427_2995583953822180_6217983068209152_n.jpg,Three Ds Marine,dirty,dirty_712
train_dirty_images,97917140_2995584170488825_3862568147760447488_n.jpg,Three Ds Marine,dirty,dirty_715
train_dirty_images,97941301_2995576937156215_3718387882340122624_n.jpg,Three Ds Marine,dirty,dirty_717
train_dirty_images,97979979_2995580690489173_4593988751713107968_n.jpg,Three Ds Marine,dirty,dirty_719
train_dirty_images,97980050_2995576877156221_3673250301499932672_n.jpg,Three Ds Marine,dirty,dirty_720
train_dirty_images,97997746_2995576760489566_1942051994977959936_n.jpg,Three Ds Marine,dirty,dirty_721
train_dirty_images,97ccd221-bcaa-41b1-a910-9369c48c7fb1.jpg,Seachios,dirty,dirty_157
train_dirty_images,98005372_2995584030488839_8101805167898263552_n.jpg,Three Ds Marine,dirty,dirty_722
train_dirty_images,98039379_2995580717155837_6808829482758045696_n.jpg,Three Ds Marine,dirty,dirty_724
train_dirty_images,98179838_2995580383822537_3161088710015975424_n.jpg,Three Ds Marine,dirty,dirty_726
train_dirty_images,98203756_2995577847156124_5441078696167342080_n.jpg,Three Ds Marine,dirty,dirty_728
train_dirty_images,98307205_2995578020489440_8899206966417555456_n.jpg,Three Ds Marine,dirty,dirty_729
train_dirty_images,98318438_2995580680489174_8594363862923345920_n.jpg,Three Ds Marine,dirty,dirty_731
train_dirty_images,98319580_2995580413822534_8021308727627874304_n.jpg,Three Ds Marine,dirty,dirty_732
train_dirty_images,98319586_2995583843822191_9133859571171852288_n.jpg,Three Ds Marine,dirty,dirty_733
train_dirty_images,98357308_2995583833822192_4771109663947096064_n.jpg,Three Ds Marine,dirty,dirty_735
train_dirty_images,98414676_2995580563822519_3608508054674341888_n.jpg,Three Ds Marine,dirty,dirty_736
train_dirty_images,99111156_2995577973822778_1155618769838538752_n.jpg,Three Ds Marine,dirty,dirty_737
train_dirty_images,99118076_2995576837156225_3843682828667584512_n.jpg,Three Ds Marine,dirty,dirty_738
train_dirty_images,99138458_2995576633822912_5521907365042978816_n.jpg,Three Ds Marine,dirty,dirty_740
train_dirty_images,99151563_2995581543822421_4791219632834871296_n.jpg,Three Ds Marine,dirty,dirty_741
train_dirty_images,99156873_2995576833822892_2248961162425139200_n.jpg,Three Ds Marine,dirty,dirty_742
train_dirty_images,99156873_2995584133822162_4061448704345767936_n.jpg,Three Ds Marine,dirty,dirty_743
train_dirty_images,99291046_2995584077155501_5542441947282538496_n.jpg,Three Ds Marine,dirty,dirty_744
train_dirty_images,99293208_2995580533822522_6913135112888516608_n.jpg,Three Ds Marine,dirty,dirty_745
train_dirty_images,99297205_2995580490489193_5849114981722750976_n.jpg,Three Ds Marine,dirty,dirty_746
train_dirty_images,99297821_2995576540489588_8822410009112477696_n.jpg,Three Ds Marine,dirty,dirty_747
train_dirty_images,9c6e7156-1bd7-4f80-99d5-817a7e6b7d6e.jpg,Seachios,dirty,dirty_161
train_dirty_images,a001643d-3786-4dc4-b620-f99f98de3c96.jpg,Seachios,dirty,dirty_163
train_dirty_images,a54c101c-bc8e-4203-b48d-98e2d2f4be48.jpg,Seachios,dirty,dirty_165
train_dirty_images,a6f55de9-9327-4113-b210-854bbcb7924e.jpg,Seachios,dirty,dirty_166
train_dirty_images,a9b54fb6-d5c0-4631-91c2-6f679f606fa4.jpg,Seachios,dirty,dirty_168
train_dirty_images,ab78fc31-1159-45ee-9a36-76cdd9cf267d.jpg,Seachios,dirty,dirty_172
train_dirty_images,aug_0_1034.jpg,synthetic,,
train_dirty_images,aug_0_1149.jpg,synthetic,,
train_dirty_images,aug_0_1524.jpg,synthetic,,
train_dirty_images,aug_0_1627.jpg,synthetic,,
train_dirty_images,aug_0_1674.jpg,synthetic,,
train_dirty_images,aug_0_1858.jpg,synthetic,,
train_dirty_images,aug_0_1862.jpg,synthetic,,
train_dirty_images,aug_0_2603.jpg,synthetic,,
train_dirty_images,aug_0_2659.jpg,synthetic,,
train_dirty_images,aug_0_2676.jpg,synthetic,,
train_dirty_images,aug_0_2787.jpg,synthetic,,
train_dirty_images,aug_0_2814.jpg,synthetic,,
train_dirty_images,aug_0_288.jpg,synthetic,,
train_dirty_images,aug_0_3032.jpg,synthetic,,
train_dirty_images,aug_0_3046.jpg,synthetic,,
train_dirty_images,aug_0_3100.jpg,synthetic,,
train_dirty_images,aug_0_3119.jpg,synthetic,,
train_dirty_images,aug_0_3240.jpg,synthetic,,
train_dirty_images,aug_0_3418.jpg,synthetic,,
train_dirty_images,aug_0_3487.jpg,synthetic,,
train_dirty_images,aug_0_3609.jpg,synthetic,,
train_dirty_images,aug_0_3620.jpg,synthetic,,
train_dirty_images,aug_0_3818.jpg,synthetic,,
train_dirty_images,aug_0_3931.jpg,synthetic,,
train_dirty_images,aug_0_3974.jpg,synthetic,,
train_dirty_images,aug_0_4065.jpg,synthetic,,
train_dirty_images,aug_0_4531.jpg,synthetic,,
train_dirty_images,aug_0_4805.jpg,synthetic,,
train_dirty_images,aug_0_4945.jpg,synthetic,,
train_dirty_images,aug_0_5072.jpg,synthetic,,
train_dirty_images,aug_0_5085.jpg,synthetic,,
train_dirty_images,aug_0_5188.jpg,synthetic,,
train_dirty_images,aug_0_5407.jpg,synthetic,,
train_dirty_images,aug_0_5498.jpg,synthetic,,
train_dirty_images,aug_0_568.jpg,synthetic,,
train_dirty_images,aug_0_5716.jpg,synthetic,,
train_dirty_images,aug_0_5760.jpg,synthetic,,
train_dirty_images,aug_0_5951.jpg,synthetic,,
train_dirty_images,aug_0_6114.jpg,synthetic,,
train_dirty_images,aug_0_620.jpg,synthetic,,
train_dirty_images,aug_0_6388.jpg,synthetic,,
train_dirty_images,aug_0_6434.jpg,synthetic,,
train_dirty_images,aug_0_6528.jpg,synthetic,,
train_dirty_images,aug_0_6564.jpg,synthetic,,
train_dirty_images,aug_0_6634.jpg,synthetic,,
train_dirty_images,aug_0_6705.jpg,synthetic,,
train_dirty_images,aug_0_6713.jpg,synthetic,,
train_dirty_images,aug_0_6762.jpg,synthetic,,
train_dirty_images,aug_0_6931.jpg,synthetic,,
train_dirty_images,aug_0_6951.jpg,synthetic,,
train_dirty_images,aug_0_706.jpg,synthetic,,
train_dirty_images,aug_0_7419.jpg,synthetic,,
train_dirty_images,aug_0_7555.jpg,synthetic,,
train_dirty_images,aug_0_7746.jpg,synthetic,,
train_dirty_images,aug_0_7824.jpg,synthetic,,
train_dirty_images,aug_0_7911.jpg,synthetic,,
train_dirty_images,aug_0_8075.jpg,synthetic,,
train_dirty_images,aug_0_8111.jpg,synthetic,,
train_dirty_images,aug_0_8184.jpg,synthetic,,
train_dirty_images,aug_0_8267.jpg,synthetic,,
train_dirty_images,aug_0_8274.jpg,synthetic,,
train_dirty_images,aug_0_8347.jpg,synthetic,,
train_dirty_images,aug_0_8566.jpg,synthetic,,
train_dirty_images,aug_0_8825.jpg,synthetic,,
train_dirty_images,aug_0_9118.jpg,synthetic,,
train_dirty_images,aug_0_9417.jpg,synthetic,,
train_dirty_images,aug_0_9442.jpg,synthetic,,
train_dirty_images,aug_0_9463.jpg,synthetic,,
train_dirty_images,aug_0_9481.jpg,synthetic,,
train_dirty_images,aug_0_9495.jpg,synthetic,,
train_dirty_images,aug_0_9523.jpg,synthetic,,
train_dirty_images,aug_0_9569.jpg,synthetic,,
train_dirty_images,aug_0_9813.jpg,synthetic,,
train_dirty_images,b2f1ce20-44d2-4a69-8898-d80e67a6a504.jpg,Seachios,dirty,dirty_179
train_dirty_images,b684aca7-af17-4931-9928-30707d8c84f8.jpg,Seachios,dirty,dirty_181
train_dirty_images,cover-seachios-cargo-hold-cleaned.jpg,Seachios,clean,clean_202
train_dirty_images,d8fcf00d-5bd6-4872-9d7e-9a51cbb9e02e.jpg,Seachios,dirty,dirty_206
train_dirty_images,db4d647d-a03d-4191-b3e5-f4be537b14d3.jpg,Seachios,dirty,dirty_208
train_dirty_images,dc76e48b-80b3-4ccf-9818-9f5dfe21eac3.jpg,Seachios,dirty,dirty_209
train_dirty_images,dd9df8bd-c864-48cb-9f36-b77e1381dd14.jpg,Seachios,dirty,dirty_211
train_dirty_images,e8bd70b3-94fd-4c84-a7cc-46c5575110bd.jpg,Seachios,dirty,dirty_218
train_dirty_images,f1a87ccd-9105-4bc1-94e4-c82ed6688812.jpg,Seachios,dirty,dirty_222
train_dirty_images,f2c94b79-6d93-47ec-97e7-e0c7b8dadca7 (1).jpg,Seachios,dirty,dirty_224
train_dirty_images,f2c94b79-6d93-47ec-97e7-e0c7b8dadca7.jpg,Seachios,dirty,dirty_225
train_dirty_images,f87eaf76-5a33-4648-8be2-70786a9099b0.jpg,Seachios,dirty,dirty_227
train_dirty_images,image13.jpg,Seachios,dirty,dirty_240
train_dirty_images,IMG-20241014-WA0072.jpg,Seachios,dirty,dirty_251
train_dirty_images,IMG-20241014-WA0077.jpg,Seachios,dirty,dirty_253
train_dirty_images,IMG_0390.JPEG,Three Ds Marine,dirty,dirty_749
train_dirty_images,IMG_0391.JPEG,Three Ds Marine,dirty,dirty_750
train_dirty_images,IMG_0392.JPEG,Three Ds Marine,dirty,dirty_751
train_dirty_images,IMG_0393.JPEG,Three Ds Marine,dirty,dirty_752
train_dirty_images,IMG_0394.JPEG,Three Ds Marine,dirty,dirty_753
train_dirty_images,IMG_0395.JPEG,Three Ds Marine,dirty,dirty_754
train_dirty_images,IMG_0396.JPEG,Three Ds Marine,dirty,dirty_755
train_dirty_images,IMG_0397.JPEG,Three Ds Marine,dirty,dirty_756
train_dirty_images,IMG_0398.JPEG,Three Ds Marine,dirty,dirty_757
train_dirty_images,IMG_0399.JPEG,Three Ds Marine,dirty,dirty_758
train_dirty_images,IMG_0400.JPEG,Three Ds Marine,dirty,dirty_759
train_dirty_images,IMG_0401.JPEG,Three Ds Marine,dirty,dirty_760
train_dirty_images,IMG_0402.JPEG,Three Ds Marine,dirty,dirty_761
train_dirty_images,IMG_0403.JPEG,Three Ds Marine,dirty,dirty_762
train_dirty_images,IMG_0407.JPEG,Three Ds Marine,dirty,dirty_764
train_dirty_images,IMG_0408.JPEG,Three Ds Marine,dirty,dirty_765
train_dirty_images,IMG_0409.JPEG,Three Ds Marine,dirty,dirty_766
train_dirty_images,IMG_0411.JPEG,Three Ds Marine,dirty,dirty_767
train_dirty_images,IMG_0412.JPEG,Three Ds Marine,dirty,dirty_768
train_dirty_images,IMG_0413.JPEG,Three Ds Marine,dirty,dirty_769
train_dirty_images,IMG_0416.JPEG,Three Ds Marine,dirty,dirty_771
train_dirty_images,IMG_0419.JPEG,Three Ds Marine,dirty,dirty_774
train_dirty_images,IMG_0420.JPEG,Three Ds Marine,dirty,dirty_775
train_dirty_images,IMG_0421.JPEG,Three Ds Marine,dirty,dirty_776
train_dirty_images,IMG_0422.JPEG,Three Ds Marine,dirty,dirty_777
train_dirty_images,IMG_0423.JPEG,Three Ds Marine,dirty,dirty_778
train_dirty_images,IMG_0424.JPEG,Three Ds Marine,dirty,dirty_779
train_dirty_images,IMG_0427.JPEG,Three Ds Marine,dirty,dirty_780
train_dirty_images,IMG_0430.JPEG,Three Ds Marine,dirty,dirty_783
train_dirty_images,IMG_0431.JPEG,Three Ds Marine,dirty,dirty_784
train_dirty_images,IMG_0433.JPEG,Three Ds Marine,dirty,dirty_785
train_dirty_images,IMG_0434.JPG,Three Ds Marine,dirty,dirty_786
train_dirty_images,IMG_0435.JPG,Three Ds Marine,dirty,dirty_787
train_dirty_images,IMG_0436.JPG,Three Ds Marine,dirty,dirty_788
train_dirty_images,IMG_2133.jpg,Three Ds Marine,dirty,dirty_789
train_dirty_images,IMG_2135.jpg,Three Ds Marine,dirty,dirty_790
train_dirty_images,IMG_2137.jpg,Three Ds Marine,dirty,dirty_791
train_dirty_images,IMG_2141.jpg,Three Ds Marine,dirty,dirty_793
train_dirty_images,IMG_2142.jpg,Three Ds Marine,dirty,dirty_794
train_dirty_images,IMG_2143.jpg,Three Ds Marine,dirty,dirty_795
train_dirty_images,IMG_2152.jpg,Three Ds Marine,dirty,dirty_796
train_dirty_images,IMG_2165.jpg,Three Ds Marine,dirty,dirty_800
train_dirty_images,IMG_2166.jpg,Three Ds Marine,dirty,dirty_801
train_dirty_images,IMG_2168.jpg,Three Ds Marine,dirty,dirty_802
train_dirty_images,IMG_2178.jpg,Three Ds Marine,dirty,dirty_805
train_dirty_images,IMG_2179.jpg,Three Ds Marine,dirty,dirty_806
train_dirty_images,IMG_2181.jpg,Three Ds Marine,dirty,dirty_807
train_dirty_images,IMG_2182.jpg,Three Ds Marine,dirty,dirty_808
train_dirty_images,IMG_2194.jpg,Three Ds Marine,dirty,dirty_811
train_dirty_images,IMG_2455.jpg,Three Ds Marine,dirty,dirty_826
train_dirty_images,IMG_2456.jpg,Three Ds Marine,dirty,dirty_827
train_dirty_images,IMG_3177.jpg,Three Ds Marine,dirty,dirty_829
train_dirty_images,IMG_3179.jpg,Three Ds Marine,dirty,dirty_830
train_dirty_images,pro-KHhaaW2m.jpeg,Seachios,clean,clean_259
validate_clean_images,12c943_8348be08d50c407899b36cd83809d70b~mv2.jpg,Three Ds Marine,dirty,dirty_322
validate_clean_images,12c943_c89e965284054d2a96437e7f7ea5a074~mv2.jpg,Three Ds Marine,dirty,dirty_347
validate_clean_images,1f6e67e3-237a-4bb6-8350-44c1126bf3a3.jpg,Seachios,clean,clean_23
validate_clean_images,20230920_174738740_iOS.jpg,Seachios,clean,clean_26
validate_clean_images,3922c7d5-9d74-435b-b968-51ea1aa6bb75.jpg,Seachios,clean,clean_58
validate_clean_images,3fb3a91e-d49d-46a3-9a2d-f0ab982895bf.jpg,Seachios,clean,clean_63
validate_clean_images,44765f2b-2795-4b74-ba89-94284f4f532d.jpg,Seachios,clean,clean_69
validate_clean_images,465097679_8598614220185764_4847132000035177388_n.jpg,Three Ds Marine,dirty,dirty_455
validate_clean_images,49898023_2049242331789685_5887092280849858560_n.jpg,Three Ds Marine,clean,clean_570
validate_clean_images,50981243_2076377859076132_8015303671858331648_n.jpg,Three Ds Marine,dirty,dirty_577
validate_clean_images,51a1b332-3ad9-46ae-af1d-9f322e2739e6.jpg,Seachios,clean,clean_85
validate_clean_images,7aac0b79-a4d2-46c0-babc-188e4a1de6d0.jpg,Seachios,clean,clean_121
validate_clean_images,7d75e230-be00-4fcc-a787-3b446b4c1f27.jpg,Seachios,clean,clean_125
validate_clean_images,8671e33e-46c7-48b1-a169-053021706466.jpg,Seachios,clean,clean_136
validate_clean_images,98193624_2995576380489604_8086723811145154560_n.jpg,Three Ds Marine,clean,clean_727
validate_clean_images,aef49c5d-f68f-4381-9cae-e543f1bb2b83.jpg,Seachios,clean,clean_175
validate_clean_images,aug_0_1174.jpg,synthetic,,
validate_clean_images,aug_0_121.jpg,synthetic,,
validate_clean_images,aug_0_1449.jpg,synthetic,,
validate_clean_images,aug_0_1523.jpg,synthetic,,
validate_clean_images,aug_0_267.jpg,synthetic,,
validate_clean_images,aug_0_3148.jpg,synthetic,,
validate_clean_images,aug_0_3419.jpg,synthetic,,
validate_clean_images,aug_0_3895.jpg,synthetic,,
validate_clean_images,aug_0_4020.jpg,synthetic,,
validate_clean_images,aug_0_4437.jpg,synthetic,,
validate_clean_images,aug_0_4574.jpg,synthetic,,
validate_clean_images,aug_0_4629.jpg,synthetic,,
validate_clean_images,aug_0_5012.jpg,synthetic,,
validate_clean_images,aug_0_5180.jpg,synthetic,,
validate_clean_images,aug_0_5218.jpg,synthetic,,
validate_clean_images,aug_0_5472.jpg,synthetic,,
validate_clean_images,aug_0_5843.jpg,synthetic,,
validate_clean_images,aug_0_6162.jpg,synthetic,,
validate_clean_images,aug_0_6481.jpg,synthetic,,
validate_clean_images,aug_0_6915.jpg,synthetic,,
validate_clean_images,aug_0_7472.jpg,synthetic,,
validate_clean_images,aug_0_7813.jpg,synthetic,,
validate_clean_images,aug_0_8135.jpg,synthetic,,
validate_clean_images,aug_0_8323.jpg,synthetic,,
validate_clean_images,aug_0_8356.jpg,synthetic,,
validate_clean_images,aug_0_8393.jpg,synthetic,,
validate_clean_images,aug_0_8398.jpg,synthetic,,
validate_clean_images,aug_0_8403.jpg,synthetic,,
validate_clean_images,aug_0_8884.jpg,synthetic,,
validate_clean_images,aug_0_9255.jpg,synthetic,,
validate_clean_images,aug_0_9384.jpg,synthetic,,
validate_clean_images,aug_0_9536.jpg,synthetic,,
validate_clean_images,aug_0_9659.jpg,synthetic,,
validate_clean_images,aug_0_9801.jpg,synthetic,,
validate_clean_images,dd8a8fd5-cb76-4be0-8a01-30147f6e1b2a.jpg,Seachios,clean,clean_210
validate_clean_images,fa271926-46c6-4315-b43b-38e43b38f40a.jpg,Seachios,clean,clean_228
validate_clean_images,fadd6c50-e9f4-4c48-a653-db4df299bbd0.jpg,Seachios,clean,clean_229
validate_clean_images,IMG_2282.jpg,Three Ds Marine,clean,clean_818
validate_clean_images,IMG_2284.jpg,Three Ds Marine,clean,clean_819
validate_dirty_images,038772db-641a-4b17-bda8-52d5304d3fa4.jpg,Seachios,dirty,dirty_4
validate_dirty_images,12c943_05af8b83336a4cab832984ca2ee433a9~mv2.jpg,Three Ds Marine,dirty,dirty_283
validate_dirty_images,12c943_1f75c554d0fa4f978293983a325b1934~mv2.jpg,Three Ds Marine,dirty,dirty_293
validate_dirty_images,12c943_8e3d45cdda504a76b22f5fb811f59fe2~mv2.jpg,Three Ds Marine,dirty,dirty_327
validate_dirty_images,12c943_a90caf7f346b416daad162f90674215a~mv2.jpg,Three Ds Marine,dirty,dirty_333
validate_dirty_images,12c943_b9bedf5202884aa28ff4a52778387ad8~mv2.jpg,Three Ds Marine,dirty,dirty_341
validate_dirty_images,12c943_f89a32fc0a8741aa9a7243b2284d46a4~mv2.jpg,Three Ds Marine,dirty,dirty_370
validate_dirty_images,46479639_1983212401726012_8316023692647727104_n.jpg,Three Ds Marine,dirty,dirty_383
validate_dirty_images,46504075_1983197618394157_8326112360372633600_n.jpg,Three Ds Marine,dirty,dirty_441
validate_dirty_images,465061111_8605905299456656_6425473363743757252_n.jpg,Three Ds Marine,dirty,dirty_448
validate_dirty_images,46513352_1983209245059661_8535828230387531776_n.jpg,Three Ds Marine,dirty,dirty_462
validate_dirty_images,465149979_8596809683699551_3168068499266712088_n.jpg,Three Ds Marine,dirty,dirty_469
validate_dirty_images,465244180_8603877642992755_6142275124824499898_n.jpg,Three Ds Marine,dirty,dirty_488
validate_dirty_images,465249283_8605904832790036_3500247784105095837_n.jpg,Three Ds Marine,dirty,dirty_489
validate_dirty_images,46631826_1983203348393584_1257870306089893888_n.jpg,Three Ds Marine,dirty,dirty_502
validate_dirty_images,46762603_1983209085059677_5300718241516093440_n.jpg,Three Ds Marine,dirty,dirty_510
validate_dirty_images,47689375_2008561219191130_5570244460295487488_n.jpg,Three Ds Marine,clean,clean_542
validate_dirty_images,48194724_2007305195983399_5037099724482543616_n.jpg,Three Ds Marine,dirty,dirty_549
validate_dirty_images,64978478_2307432265970689_4037735996631023616_n.jpg,Three Ds Marine,dirty,dirty_588
validate_dirty_images,66658729_2345934448787137_813688748297420800_n.jpg,Three Ds Marine,dirty,dirty_610
validate_dirty_images,66714988_2345934515453797_4846150941700784128_n.jpg,Three Ds Marine,dirty,dirty_611
validate_dirty_images,67114665_2363617750352140_6774647543151198208_n.jpg,Three Ds Marine,dirty,dirty_617
validate_dirty_images,67672093_2389432921103956_7922111746347630592_n.jpg,Three Ds Marine,dirty,dirty_626
validate_dirty_images,67892658_2389432844437297_2861733651308085248_n.jpg,Three Ds Marine,dirty,dirty_631
validate_dirty_images,69549669_2410249925688922_8918486056702050304_n.jpg,Three Ds Marine,dirty,dirty_644
validate_dirty_images,71775836_2757374270976484_371008084006404096_n.jpg,Three Ds Marine,dirty,dirty_645
validate_dirty_images,83136843_2757376024309642_4470126645130297344_n.jpg,Three Ds Marine,dirty,dirty_649
validate_dirty_images,83428112_2757374664309778_5604709747484786688_n.jpg,Three Ds Marine,dirty,dirty_651
validate_dirty_images,84167942_2757371787643399_8946622722465595392_n.jpg,Three Ds Marine,dirty,dirty_659
validate_dirty_images,84342192_2757374397643138_1431265664907083776_n.jpg,Three Ds Marine,dirty,dirty_672
validate_dirty_images,84663533_2757374327643145_3889382513352638464_n.jpg,Three Ds Marine,dirty,dirty_687
validate_dirty_images,86cda6f7-67d0-4af8-bbb6-8520fa4d2110.jpg,Seachios,dirty,dirty_138
validate_dirty_images,8e272263-3cfd-4a22-a53b-71591ae67d0c.jpg,Seachios,dirty,dirty_147
validate_dirty_images,97560875_2995584097155499_7862989906610487296_n.jpg,Three Ds Marine,dirty,dirty_709
validate_dirty_images,97834784_2995576490489593_1605899335810154496_n.jpg,Three Ds Marine,dirty,dirty_714
validate_dirty_images,98005897_2995578000489442_8031997251960176640_n.jpg,Three Ds Marine,dirty,dirty_723
validate_dirty_images,98063341_2995580643822511_4992024596761804800_n.jpg,Three Ds Marine,dirty,dirty_725
validate_dirty_images,aug_0_1398.jpg,synthetic,,
validate_dirty_images,aug_0_2731.jpg,synthetic,,
validate_dirty_images,aug_0_3422.jpg,synthetic,,
validate_dirty_images,aug_0_3851.jpg,synthetic,,
validate_dirty_images,aug_0_4068.jpg,synthetic,,
validate_dirty_images,aug_0_6806.jpg,synthetic,,
validate_dirty_images,aug_0_698.jpg,synthetic,,
validate_dirty_images,aug_0_9130.jpg,synthetic,,
validate_dirty_images,aug_0_9931.jpg,synthetic,,
validate_dirty_images,bdf9e26d-f44c-4988-9af3-e3f6e5fb4067.jpg,Seachios,dirty,dirty_185
validate_dirty_images,d2247a0b-2ec0-4e05-a272-9b7134c5ab13.jpg,Seachios,dirty,dirty_203
validate_dirty_images,IMG-20241014-WA0074.jpg,Seachios,dirty,dirty_252
validate_dirty_images,IMG_0417.JPEG,Three Ds Marine,dirty,dirty_772
validate_dirty_images,IMG_0428.JPEG,Three Ds Marine,dirty,dirty_781
validate_dirty_images,IMG_2140.jpg,Three Ds Marine,dirty,dirty_792
validate_dirty_images,IMG_2158.jpg,Three Ds Marine,dirty,dirty_798
validate_dirty_images,IMG_2161.jpg,Three Ds Marine,dirty,dirty_799
validate_dirty_images,IMG_2177.jpg,Three Ds Marine,clean,clean_804
test_clean_images,0b80c8d6-b7ed-4d79-a706-998916e0a382.jpg,Seachios,clean,clean_11
test_clean_images,12858a3f-56ed-49e4-95eb-545ae1704614.jpg,Seachios,clean,clean_17
test_clean_images,12c943_3bc17c3f912841f4a7603e4f39510ebb~mv2.jpg,Three Ds Marine,clean,clean_302
test_clean_images,12c943_52556a070d844543b57583b7291c93a5~mv2.jpg,Three Ds Marine,clean,clean_310
test_clean_images,12c943_58584a79314748be87e4ca0e14376463~mv2.jpg,Three Ds Marine,clean,clean_311
test_clean_images,12c943_cd41237a10f2407b89f1966ac9b600f6~mv2.jpg,Three Ds Marine,clean,clean_348
test_clean_images,1f6e67e3-237a-4bb6-8350-44c1126bf3a3.jpg,Seachios,clean,clean_23
test_clean_images,2cc35a54-8d60-472a-a74f-984aec8f068b.jpg,Seachios,clean,clean_41
test_clean_images,41d7a1dc-aac8-4c75-9c62-bb0cfd9fe294.jpg,Seachios,clean,clean_66
test_clean_images,46485657_1983197591727493_4784383999109758976_n.jpg,Three Ds Marine,clean,clean_397
test_clean_images,465062812_8596809190366267_1476424721414631274_n.jpg,Three Ds Marine,clean,clean_450
test_clean_images,46516200_1983204038393515_5825976339336790016_n.jpg,Three Ds Marine,clean,clean_473
test_clean_images,47339471_2002131543167431_7288817233709498368_n.jpg,Three Ds Marine,clean,clean_513
test_clean_images,47689375_2008561219191130_5570244460295487488_n.jpg,Three Ds Marine,clean,clean_542
test_clean_images,48359423_2008560485857870_2306246938002980864_n.jpg,Three Ds Marine,clean,clean_557
test_clean_images,49ebfcc4-ea48-426d-b74f-3b048830a9d6.jpg,Seachios,clean,clean_73
test_clean_images,4d29fb87-c71d-4c56-a877-c8cbad5b23b1.jpg,Seachios,clean,clean_76
test_clean_images,50590572_2076377955742789_1785267563911970816_n.jpg,Three Ds Marine,clean,clean_574
test_clean_images,54b30c59-663c-448e-a761-90319e3d8e1a.jpg,Seachios,clean,clean_89
test_clean_images,67938128_2395346127179302_3436404518940573696_n.jpg,Three Ds Marine,clean,clean_632
test_clean_images,69135623_2395346077179307_2699105230041120768_n.jpg,Three Ds Marine,clean,clean_641
test_clean_images,69205652_2395346023845979_3074296938611343360_n.jpg,Three Ds Marine,clean,clean_642
test_clean_images,69215644_2395346067179308_1034063610449494016_n.jpg,Three Ds Marine,clean,clean_643
test_clean_images,6b99b5bd-2fe4-4ca6-8f1a-3024c8eb50ab.jpg,Seachios,clean,clean_104
test_clean_images,6fc42e5b-20e0-4bce-83b8-dffde04c3214.jpg,Seachios,clean,clean_115
test_clean_images,74dd23cd-b953-4697-80f2-e776355a1a54.jpg,Seachios,clean,clean_118
test_clean_images,7edc1c8d-0c8f-4fe5-a062-09cda8068de5.jpg,Seachios,clean,clean_127
test_clean_images,811e1805-214e-4aa8-9a9b-68a51001a757.jpg,Seachios,clean,clean_130
test_clean_images,81c4f7b4-cb59-47d7-9af9-e2f5b016c703.jpg,Seachios,clean,clean_131
test_clean_images,82829ec5-2bdb-4e13-87b5-0311aab8783f.jpg,Seachios,clean,clean_133
test_clean_images,84884781_2757371777643400_2033681823703236608_n.jpg,Three Ds Marine,clean,clean_688
test_clean_images,84d3b26c-a439-421c-aff1-4ba758fc816a.jpg,Seachios,clean,clean_134
test_clean_images,85198097_2757360320977879_5012893559385227264_n.jpg,Three Ds Marine,clean,clean_694
test_clean_images,886890f1-be25-4907-a0f0-d72d7582af94.jpg,Seachios,clean,clean_140
test_clean_images,969d5d84-b6ac-47c1-a2a2-861701fc06e2.jpg,Seachios,clean,clean_155
test_clean_images,a796683c-1a78-483b-911d-e5e6d5b0414e.jpg,Seachios,clean,clean_167
test_clean_images,a9dbef0b-55fe-401a-b2b2-a2497aeaa42c.jpg,Seachios,clean,clean_169
test_clean_images,ada5dc41-f8e1-4d0e-91c0-d3f685d2cc74.jpg,Seachios,clean,clean_174
test_clean_images,bb8957f9-7a04-468d-a3e2-322313392d4f.jpg,Seachios,clean,clean_183
test_clean_images,d40def48-9c2f-4039-a483-774356e9b4f6.jpg,Seachios,clean,clean_204
test_clean_images,dd8a8fd5-cb76-4be0-8a01-30147f6e1b2a.jpg,Seachios,clean,clean_210
test_clean_images,e15f2329-aa6d-4ee3-8822-60bdaebc6aaf.jpg,Seachios,clean,clean_213
test_clean_images,e28ea25a-96de-4305-ae4c-f3f96cfcfef1.jpg,Seachios,clean,clean_214
test_clean_images,f257a8e8-e780-4ffc-9c71-7733f2baee8a.jpg,Seachios,clean,clean_223
test_clean_images,ffbdef5a-b98a-4489-bff5-589800c99570.jpg,Seachios,clean,clean_234
test_clean_images,image1.jpg,Seachios,clean,clean_236
test_clean_images,image17.jpg,Seachios,clean,clean_242
test_clean_images,image18.jpg,Seachios,clean,clean_243
test_clean_images,image22.jpg,Seachios,clean,clean_245
test_clean_images,IMG_2226.jpg,Three Ds Marine,clean,clean_814
test_clean_images,IMG_2228.jpg,Three Ds Marine,clean,clean_816
test_clean_images,IMG_9512.jpg,Three Ds Marine,clean,clean_831
test_clean_images,IMG_9513.jpg,Three Ds Marine,clean,clean_832
test_clean_images,WhatsApp Image 2024-06-08 at 01.jpg,Seachios,clean,clean_262
test_clean_images,WhatsApp+Image+2024-06-08+at+01.18.36+(2).jpeg,Seachios,clean,clean_270
test_dirty_images,12c943_01784894d7a94b78ad879c70922956c4~mv2.jpg,Three Ds Marine,dirty,dirty_281
test_dirty_images,12c943_468c16c8337143a491c052f986f69fe4~mv2.jpg,Three Ds Marine,dirty,dirty_306
test_dirty_images,12c943_9d03168613154158b4b699ed04c44d99~mv2.jpg,Three Ds Marine,dirty,dirty_329
test_dirty_images,12c943_b39fdc489ba944a8a567415f3928e108~mv2.jpg,Three Ds Marine,dirty,dirty_336
test_dirty_images,12c943_c848c295e3d2464c96d2e64d900ce4c4~mv2.jpg,Three Ds Marine,dirty,dirty_346
test_dirty_images,12c943_f8af22d776b9411c826425753072d905~mv2.jpg,Three Ds Marine,dirty,dirty_371
test_dirty_images,269de922-5615-4ba0-9acf-1b585e892f6a.jpg,Seachios,dirty,dirty_31
test_dirty_images,28e52270-9933-4709-961d-8c308a3722a8.jpg,Seachios,dirty,dirty_34
test_dirty_images,2fa862eb-4c46-4d74-9a51-8785b20c9c4e.jpg,Seachios,dirty,dirty_42
test_dirty_images,46470628_1983209375059648_1082277994191388672_n.jpg,Three Ds Marine,dirty,dirty_379
test_dirty_images,46492871_1983209448392974_3887692697124732928_n.jpg,Three Ds Marine,dirty,dirty_415
test_dirty_images,46494400_1983209191726333_5846365545523314688_n.jpg,Three Ds Marine,dirty,dirty_418
test_dirty_images,46494600_1983204141726838_6445632630003073024_n.jpg,Three Ds Marine,dirty,dirty_420
test_dirty_images,46508831_1983203755060210_6577736907675926528_n.jpg,Three Ds Marine,dirty,dirty_454
test_dirty_images,465113660_8598614486852404_3598750916332545183_n.jpg,Three Ds Marine,dirty,dirty_459
test_dirty_images,465176158_8605905316123321_5994772188412968149_n.jpg,Three Ds Marine,dirty,dirty_476
test_dirty_images,46521402_1983209515059634_985127650727034880_n.jpg,Three Ds Marine,dirty,dirty_482
test_dirty_images,465236596_8605904819456704_4747615728701579437_n.jpg,Three Ds Marine,dirty,dirty_485
test_dirty_images,465244180_8603877642992755_6142275124824499898_n.jpg,Three Ds Marine,dirty,dirty_488
test_dirty_images,465263185_8603877849659401_2151428529838782347_n.jpg,Three Ds Marine,dirty,dirty_491
test_dirty_images,465278196_8605905306123322_1374255042941203479_n.jpg,Three Ds Marine,dirty,dirty_494
test_dirty_images,47325070_2002131863167399_1841429655786094592_n.jpg,Three Ds Marine,dirty,dirty_512
test_dirty_images,47571734_2007305152650070_4943068308959133696_n.jpg,Three Ds Marine,dirty,dirty_521
test_dirty_images,47572308_2007305452650040_7692642119147585536_n.jpg,Three Ds Marine,dirty,dirty_522
test_dirty_images,48059643_2008561165857802_6904311613679992832_n.jpg,Three Ds Marine,dirty,dirty_545
test_dirty_images,48194724_2007305195983399_5037099724482543616_n.jpg,Three Ds Marine,dirty,dirty_549
test_dirty_images,48249890_2008561109191141_8276511947734646784_n.jpg,Three Ds Marine,dirty,dirty_550
test_dirty_images,48394382_2026951564018762_5713289329636278272_n.jpg,Three Ds Marine,dirty,dirty_562
test_dirty_images,48416873_2026951610685424_7755914074113703936_n.jpg,Three Ds Marine,dirty,dirty_564
test_dirty_images,50823729_2076377925742792_6250892202847764480_n.jpg,Three Ds Marine,dirty,dirty_575
test_dirty_images,5229b308-4210-4eb3-8161-6cfe31e2cd5b.jpg,Seachios,dirty,dirty_86
test_dirty_images,64896836_2307428752637707_3174632872204042240_n.jpg,Three Ds Marine,dirty,dirty_585
test_dirty_images,65187942_2307432455970670_673559921232445440_n.jpg,Three Ds Marine,dirty,dirty_594
test_dirty_images,66819801_2345934655453783_6770619795835453440_n.jpg,Three Ds Marine,dirty,dirty_614
test_dirty_images,67289571_2363618077018774_6343840827051081728_n.jpg,Three Ds Marine,dirty,dirty_621
test_dirty_images,68916876_2395339953846586_3921862288700604416_n.jpg,Three Ds Marine,dirty,dirty_639
test_dirty_images,6faf800f-de2d-4b1c-8597-54fa4228a4ed.jpg,Seachios,dirty,dirty_113
test_dirty_images,84946351_2757372924309952_2201818991498887168_n.jpg,Three Ds Marine,dirty,dirty_690
test_dirty_images,927a6e11-7fd6-4f7f-811f-33979b7868d4.jpg,Seachios,dirty,dirty_150
test_dirty_images,97522168_2995576527156256_2549814657913192448_n.jpg,Three Ds Marine,dirty,dirty_708
test_dirty_images,98203756_2995577847156124_5441078696167342080_n.jpg,Three Ds Marine,dirty,dirty_728
test_dirty_images,99156873_2995576833822892_2248961162425139200_n.jpg,Three Ds Marine,dirty,dirty_742
test_dirty_images,bdf9e26d-f44c-4988-9af3-e3f6e5fb4067.jpg,Seachios,dirty,dirty_185
test_dirty_images,IMG-20241014-WA0074.jpg,Seachios,dirty,dirty_252
test_dirty_images,IMG-20241014-WA0154.jpg,Seachios,dirty,dirty_256
test_dirty_images,IMG_0390.JPEG,Three Ds Marine,dirty,dirty_749
test_dirty_images,IMG_0401.JPEG,Three Ds Marine,dirty,dirty_760
test_dirty_images,IMG_0406.JPEG,Three Ds Marine,dirty,dirty_763
test_dirty_images,IMG_0418.JPEG,Three Ds Marine,dirty,dirty_773
test_dirty_images,IMG_0421.JPEG,Three Ds Marine,dirty,dirty_776
test_dirty_images,IMG_2141.jpg,Three Ds Marine,dirty,dirty_793
test_dirty_images,IMG_2142.jpg,Three Ds Marine,dirty,dirty_794
test_dirty_images,IMG_2179.jpg,Three Ds Marine,dirty,dirty_806
test_dirty_images,IMG_2182.jpg,Three Ds Marine,dirty,dirty_808
test_dirty_images,IMG_2223.jpg,Three Ds Marine,dirty,dirty_812
